id,display_name,sphere,node_class,total_degree,incoming_relationships,outgoing_relationships,relationships_needed_for_degree_floor,exact_label_validated,evidence_scope,metric_contract_id,action,priority,status,review_scope,review_eligible,campaign_scope,campaign_eligible,campaign_wave,topology_lane,evidence_lane,workstream,required_relationship_dossiers,needs_exact_term_review,needs_node_specific_evidence,promotion_blockers,research_questions,rationale
"aero_acoustic_jet_noise_plumes","Aero Acoustic Jet Noise Plumes","resolved metric ledger","operational_indicator","","","","0","true","relationship_or_metric_specific","aircraft_noise_exposure","canonical_node_metric_alias","4","resolved","full_campaign_backlog","true","resolved_metric_record","false","not_applicable","resolved_metric_binding","resolved","generated_metric_alias","0","false","false","","","The generated plume wording is noncanonical. Preserve event and cumulative aircraft-noise exposure as a scoped operating impact of the aviation system rather than a separate causal node."
"aerosol_scattering_index","Aerosol Scattering Index","resolved metric ledger","operational_indicator","","","","0","true","relationship_or_metric_specific","satellite_aerosol_optical_or_uv_index","canonical_node_metric_alias","4","resolved","full_campaign_backlog","true","resolved_metric_record","false","not_applicable","resolved_metric_binding","resolved","generated_metric_alias","0","false","false","","","The label denotes a retrieved optical property used to observe aerosol amount or absorption, not a separate causal phenomenon."
"agricultural_crop_insurance_hikes","Agricultural Crop Insurance Hikes","resolved metric ledger","operational_indicator","","","","0","true","relationship_or_metric_specific","crop_insurance_premium_rate_and_loss_ratio","canonical_node_metric_alias","4","resolved","full_campaign_backlog","true","resolved_metric_record","false","not_applicable","resolved_metric_binding","resolved","generated_metric_alias","0","false","false","","","Premium, subsidy, liability, indemnity, and loss ratio are policy and portfolio measurements. Preserve them on the canonical insurance system rather than asserting an environmental causal node."
"agricultural_silt_runoff_plumes","Agricultural Silt Runoff Plumes","resolved metric ledger","operational_indicator","","","","0","true","relationship_or_metric_specific","agricultural_sediment_runoff_load","canonical_node_metric_alias","4","resolved","full_campaign_backlog","true","resolved_metric_record","false","not_applicable","resolved_metric_binding","resolved","generated_metric_alias","0","false","false","","","Sediment concentration and event load are observations used to assess erosion and transport, not an independent plume phenomenon."
"agricultural_soil_carbon_venting","Agricultural Soil Carbon Venting","resolved metric ledger","operational_indicator","","","","0","true","relationship_or_metric_specific","cropland_soil_organic_carbon_stock_change","canonical_node_metric_alias","4","resolved","full_campaign_backlog","true","resolved_metric_record","false","not_applicable","resolved_metric_binding","resolved","generated_metric_alias","0","false","false","","","The generated venting phrase is noncanonical; the defensible quantity is multi-year soil-organic-carbon stock change within the canonical soil-organic-matter system."
"air_pollution_susceptibility_prevalence","Air Pollution Susceptibility Prevalence","resolved metric ledger","authored_root_driver_metric","","","","0","true","relationship_or_metric_specific","air_pollution_susceptibility","target_mechanism_metric","4","resolved","full_campaign_backlog","true","resolved_metric_record","false","not_applicable","resolved_metric_binding","resolved","root_driver_metric","0","false","false","","","Resolved as a bounded measurement on a canonical graph node."
"airport_runway_canopy_clearance","Airport Runway Canopy Clearance","resolved metric ledger","operational_indicator","","","","0","true","relationship_or_metric_specific","airport_habitat_management_area_change","canonical_node_metric_alias","4","resolved","full_campaign_backlog","true","resolved_metric_record","false","not_applicable","resolved_metric_binding","resolved","generated_metric_alias","0","false","false","","","The generated wording presumes a specific vegetation action. Preserve mapped airport habitat management on the canonical aviation system and require species evidence before claiming ecological harm."
"aluminum_smelter_slurry_ponds","Aluminum Smelter Slurry Ponds","resolved metric ledger","operational_indicator","","","","0","true","relationship_or_metric_specific","bauxite_residue_impoundment_inventory","canonical_node_metric_alias","4","resolved","full_campaign_backlog","true","resolved_metric_record","false","not_applicable","resolved_metric_binding","resolved","generated_metric_alias","0","false","false","","","The label confuses alumina refining with aluminum smelting. Preserve bauxite-residue mass, chemistry and impoundment condition on the canonical mineral-production system."
"ammonia_gas_animal_stalls","Ammonia Gas Animal Stalls","resolved metric ledger","operational_indicator","","","","0","true","relationship_or_metric_specific","animal_housing_ammonia_emission","canonical_node_metric_alias","4","resolved","full_campaign_backlog","true","resolved_metric_record","false","not_applicable","resolved_metric_binding","resolved","generated_metric_alias","0","false","false","","","Housing emissions are a source-specific production measurement within the canonical livestock and agricultural system."
"antecedent_watershed_saturation","Antecedent Watershed Saturation","resolved metric ledger","authored_root_driver_metric","","","","0","true","relationship_or_metric_specific","antecedent_soil_moisture","target_mechanism_metric","4","resolved","full_campaign_backlog","true","resolved_metric_record","false","not_applicable","resolved_metric_binding","resolved","root_driver_metric","0","false","false","","","Resolved as a bounded measurement on a canonical graph node."
"aquaculture_pond_anti_parasitics","Aquaculture Pond Anti Parasitics","resolved metric ledger","operational_indicator","","","","0","true","relationship_or_metric_specific","aquaculture_antiparasitic_use_and_residue","canonical_node_metric_alias","4","resolved","full_campaign_backlog","true","resolved_metric_record","false","not_applicable","resolved_metric_binding","resolved","generated_metric_alias","0","false","false","","","A treatment is a production input and measurable residue pathway, not an independent environmental phenomenon. Preserve compound-specific use and exposure on the canonical intensive-production system."
"arctic_coastal_storm_water_level","Arctic Coastal Storm Water Level","resolved metric ledger","authored_root_driver_metric","","","","0","true","relationship_or_metric_specific","arctic_coastal_storm_water_level","target_mechanism_metric","4","resolved","full_campaign_backlog","true","resolved_metric_record","false","not_applicable","resolved_metric_binding","resolved","root_driver_metric","0","false","false","","","Resolved as a bounded measurement on a canonical graph node."
"arctic_early_melt_onset","Arctic Early Melt Onset","resolved metric ledger","authored_root_driver_metric","","","","0","true","relationship_or_metric_specific","arctic_early_melt_onset","target_mechanism_metric","4","resolved","full_campaign_backlog","true","resolved_metric_record","false","not_applicable","resolved_metric_binding","resolved","root_driver_metric","0","false","false","","","Resolved as a bounded measurement on a canonical graph node."
"arctic_ice_age_thinning","Arctic Ice Age Thinning","resolved metric ledger","authored_root_driver_metric","","","","0","true","relationship_or_metric_specific","arctic_ice_age_thinning","target_mechanism_metric","4","resolved","full_campaign_backlog","true","resolved_metric_record","false","not_applicable","resolved_metric_binding","resolved","root_driver_metric","0","false","false","","","Resolved as a bounded measurement on a canonical graph node."
"arctic_nearshore_wave_energy","Arctic Nearshore Wave Energy","resolved metric ledger","authored_root_driver_metric","","","","0","true","relationship_or_metric_specific","arctic_nearshore_wave_energy","target_mechanism_metric","4","resolved","full_campaign_backlog","true","resolved_metric_record","false","not_applicable","resolved_metric_binding","resolved","root_driver_metric","0","false","false","","","Resolved as a bounded measurement on a canonical graph node."
"arctic_ocean_heat_anomaly","Arctic Ocean Heat Anomaly","resolved metric ledger","authored_root_driver_metric","","","","0","true","relationship_or_metric_specific","arctic_ocean_heat_anomaly","target_mechanism_metric","4","resolved","full_campaign_backlog","true","resolved_metric_record","false","not_applicable","resolved_metric_binding","resolved","root_driver_metric","0","false","false","","","Resolved as a bounded measurement on a canonical graph node."
"arctic_open_water_season","Arctic Open Water Season","resolved metric ledger","authored_root_driver_metric","","","","0","true","relationship_or_metric_specific","arctic_open_water_season","target_mechanism_metric","4","resolved","full_campaign_backlog","true","resolved_metric_record","false","not_applicable","resolved_metric_binding","resolved","root_driver_metric","0","false","false","","","Resolved as a bounded measurement on a canonical graph node."
"arctic_sea_ice_thinning","Arctic Sea Ice Thinning","resolved metric ledger","operational_indicator","","","","0","true","relationship_or_metric_specific","arctic_sea_ice_thickness_or_age_distribution","canonical_node_metric_alias","4","resolved","full_campaign_backlog","true","resolved_metric_record","false","not_applicable","resolved_metric_binding","resolved","generated_metric_alias","0","false","false","","","Thickness and age are separate observation dimensions of the changing sea-ice system and remain distinct metrics rather than duplicate nodes."
"arctic_surface_air_warming","Arctic Surface Air Warming","resolved metric ledger","authored_root_driver_metric","","","","0","true","relationship_or_metric_specific","arctic_surface_air_warming","target_mechanism_metric","4","resolved","full_campaign_backlog","true","resolved_metric_record","false","not_applicable","resolved_metric_binding","resolved","root_driver_metric","0","false","false","","","Resolved as a bounded measurement on a canonical graph node."
"atlantic_salinity_contrast_shift","Atlantic Salinity Contrast Shift","resolved metric ledger","operational_indicator","","","","0","true","relationship_or_metric_specific","atlantic_salinity_gradient_anomaly","canonical_node_metric_alias","4","resolved","full_campaign_backlog","true","resolved_metric_record","false","not_applicable","resolved_metric_binding","resolved","generated_metric_alias","0","false","false","","","A regional gradient is an observation of salinity structure, not a separate circulation phenomenon. Preserve depth, sections, and climatology on the canonical stratification system."
"atmospheric_heat_domers","Atmospheric Heat Domers","resolved metric ledger","operational_indicator","","","","0","true","relationship_or_metric_specific","persistent_mid_tropospheric_high_pressure_ridge","canonical_node_metric_alias","4","resolved","full_campaign_backlog","true","resolved_metric_record","false","not_applicable","resolved_metric_binding","resolved","generated_metric_alias","0","false","false","","","The informal plural does not define a distinct phenomenon. Preserve ridge position, anomaly, persistence and surface conditions as bounded observations on the canonical blocking system."
"atmospheric_humidity","Atmospheric Humidity","resolved metric ledger","operational_indicator","","","","0","true","relationship_or_metric_specific","near_surface_atmospheric_humidity","canonical_node_metric_alias","4","resolved","full_campaign_backlog","true","resolved_metric_record","false","not_applicable","resolved_metric_binding","resolved","generated_metric_alias","0","false","false","","","Humidity is a measured atmospheric state variable. Preserve the exact variable and baseline on the canonical moisture system instead of presenting a second causal phenomenon."
"automotive_brake_dust_particulates","Automotive Brake Dust Particulates","resolved metric ledger","operational_indicator","","","","0","true","relationship_or_metric_specific","brake_wear_pm10_pm25_emission","canonical_node_metric_alias","4","resolved","full_campaign_backlog","true","resolved_metric_record","false","not_applicable","resolved_metric_binding","resolved","generated_metric_alias","0","false","false","","","Brake wear is a source-specific particulate emissions measurement, not a separate ambient-air phenomenon. Preserve size-resolved emissions on the canonical particulate system and require dispersion evidence before interpreting exposure."
"aviation_sulphate_particle_layer","Aviation Sulphate Particle Layer","resolved metric ledger","operational_indicator","","","","0","true","relationship_or_metric_specific","aviation_sulfur_emission_and_sulfate_forcing_component","canonical_node_metric_alias","4","resolved","full_campaign_backlog","true","resolved_metric_record","false","not_applicable","resolved_metric_binding","resolved","generated_metric_alias","0","false","false","","","IPCC assesses a short-lived sulfate forcing component, not a persistent particle layer. Preserve precursor emissions and modeled forcing on the canonical aviation system without implying a net cooling benefit."
"beekeeping_colony_loss_rates","Beekeeping Colony Loss Rates","resolved metric ledger","operational_indicator","","","","0","true","relationship_or_metric_specific","pollinator_population_or_colony_loss","canonical_node_metric_alias","4","resolved","full_campaign_backlog","true","resolved_metric_record","false","not_applicable","resolved_metric_binding","resolved","generated_metric_alias","0","false","false","","","Managed-colony loss rate is one monitored demographic measure within the wider multi-stressor pollinator outcome and must not stand in for all wild pollinators."
"benthic_layer_warming","Benthic Layer Warming","resolved metric ledger","operational_indicator","","","","0","true","relationship_or_metric_specific","bottom_water_temperature_anomaly","canonical_node_metric_alias","4","resolved","full_campaign_backlog","true","resolved_metric_record","false","not_applicable","resolved_metric_binding","resolved","generated_metric_alias","0","false","false","","","Bottom-water temperature is a depth-resolved ocean-heat observation. Keep it on the canonical heat system without equating one layer with total heat content."
"biofuel_crop_land_grab","Biofuel Crop Land Grab","resolved metric ledger","operational_indicator","","","","0","true","relationship_or_metric_specific","biofuel_feedstock_land_use_change","canonical_node_metric_alias","4","resolved","full_campaign_backlog","true","resolved_metric_record","false","not_applicable","resolved_metric_binding","resolved","generated_metric_alias","0","false","false","","","The value-laden label collapses direct conversion, tenure, food competition, and modeled indirect change. Preserve feedstock-specific land-use accounting on the canonical agricultural system."
"biomass_incinerator_fallout","Biomass Incinerator Fallout","resolved metric ledger","operational_indicator","","","","0","true","relationship_or_metric_specific","biomass_combustion_air_emission","canonical_node_metric_alias","4","resolved","full_campaign_backlog","true","resolved_metric_record","false","not_applicable","resolved_metric_binding","resolved","generated_metric_alias","0","false","false","","","Fallout is unsupported without deposition measurements. Preserve source-tested size-resolved emissions and separate ambient observations on the particulate system."
"blast_furnace_industrial_slag","Blast Furnace Industrial Slag","resolved metric ledger","operational_indicator","","","","0","true","relationship_or_metric_specific","iron_steel_slag_material_flow","canonical_node_metric_alias","4","resolved","full_campaign_backlog","true","resolved_metric_record","false","not_applicable","resolved_metric_binding","resolved","generated_metric_alias","0","false","false","","","Slag is a route-specific co-product and material flow. Preserve type, generation, processing and destination on the canonical steel-production system."
"blast_furnace_ironmaking_operation","Blast Furnace Ironmaking Operation","resolved metric ledger","authored_root_driver_metric","","","","0","true","relationship_or_metric_specific","blast_furnace_ironmaking_output","target_mechanism_metric","4","resolved","full_campaign_backlog","true","resolved_metric_record","false","not_applicable","resolved_metric_binding","resolved","root_driver_metric","0","false","false","","","Resolved as a bounded measurement on a canonical graph node."
"boreal_insect_infestations","Boreal Insect Infestations","resolved metric ledger","operational_indicator","","","","0","true","relationship_or_metric_specific","boreal_forest_insect_disturbance","canonical_node_metric_alias","4","resolved","full_campaign_backlog","true","resolved_metric_record","false","not_applicable","resolved_metric_binding","resolved","generated_metric_alias","0","false","false","","","The generated wording lacks insect and host identity. Preserve taxon-specific affected area, defoliation, and mortality on the canonical forest-condition system."
"boreal_peat_defrosting","Boreal Peat Defrosting","resolved metric ledger","operational_indicator","","","","0","true","relationship_or_metric_specific","boreal_peatland_permafrost_thaw_state","canonical_node_metric_alias","4","resolved","full_campaign_backlog","true","resolved_metric_record","false","not_applicable","resolved_metric_binding","resolved","generated_metric_alias","0","false","false","","","Boreal peatland thaw is a habitat-specific measurement within the wider permafrost system. Preserve hydrology and carbon outcomes separately rather than duplicating thaw."
"brine_discharge_siltation","Brine Discharge Siltation","resolved metric ledger","operational_indicator","","","","0","true","relationship_or_metric_specific","desalination_concentrate_discharge_and_receiving_water_exposure","canonical_node_metric_alias","4","resolved","full_campaign_backlog","true","resolved_metric_record","false","not_applicable","resolved_metric_binding","resolved","generated_metric_alias","0","false","false","","","Authoritative sources define a saline concentrate discharge and site-specific mixing-zone exposure, not a general siltation phenomenon. Preserve the measurable discharge dimensions on the desalination system and retire the unsupported wording."
"broiler_chicken_litter_ash","Broiler Chicken Litter Ash","resolved metric ledger","operational_indicator","","","","0","true","relationship_or_metric_specific","poultry_litter_combustion_ash_flow","canonical_node_metric_alias","4","resolved","full_campaign_backlog","true","resolved_metric_record","false","not_applicable","resolved_metric_binding","resolved","generated_metric_alias","0","false","false","","","Combustion ash is a facility material flow with possible fertilizer use or disposal, not a separate causal node. Preserve batch mass, composition, and destination on the canonical production system."
"brown_carbon_loading","Brown Carbon Loading","resolved metric ledger","operational_indicator","","","","0","true","relationship_or_metric_specific","light_absorbing_organic_aerosol_component","canonical_node_metric_alias","4","resolved","full_campaign_backlog","true","resolved_metric_record","false","not_applicable","resolved_metric_binding","resolved","generated_metric_alias","0","false","false","","","The color term is method- and wavelength-dependent, not a standalone causal system. Preserve organic-carbon and optical measurements on the canonical fine-particle system."
"bulk_ore_carrier_cargo_spills","Bulk Ore Carrier Cargo Spills","resolved metric ledger","operational_indicator","","","","0","true","relationship_or_metric_specific","bulk_carrier_cargo_release_incident","canonical_node_metric_alias","4","resolved","full_campaign_backlog","true","resolved_metric_record","false","not_applicable","resolved_metric_binding","resolved","generated_metric_alias","0","false","false","","","A cargo release is an incident record within marine transport; preserve material, pathway, cause, and response separately."
"cane_field_burning_smoke","Cane Field Burning Smoke","resolved metric ledger","operational_indicator","","","","0","true","relationship_or_metric_specific","sugarcane_burning_pm25_emission_and_exposure","canonical_node_metric_alias","4","resolved","full_campaign_backlog","true","resolved_metric_record","false","not_applicable","resolved_metric_binding","resolved","generated_metric_alias","0","false","false","","","Field-burning emissions and receptor concentrations are source-specific particulate measurements, not a separate ambient-air system."
"canopy_cover_losses","Canopy Cover Losses","resolved metric ledger","operational_indicator","","","","0","true","relationship_or_metric_specific","satellite_tree_cover_loss_area","canonical_node_metric_alias","4","resolved","full_campaign_backlog","true","resolved_metric_record","false","not_applicable","resolved_metric_binding","resolved","generated_metric_alias","0","false","false","","","Satellite tree-cover loss is a supporting observation for forest disturbance and conversion; retaining it as a metric prevents temporary or plantation loss from becoming a duplicate deforestation node."
"cargo_ship_fuel_combustion","Cargo Ship Fuel Combustion","resolved metric ledger","operational_indicator","","","","0","true","relationship_or_metric_specific","ship_fuel_use_and_tank_to_wake_emissions","canonical_node_metric_alias","4","resolved","full_campaign_backlog","true","resolved_metric_record","false","not_applicable","resolved_metric_binding","resolved","generated_metric_alias","0","false","false","","","Voyage or fleet fuel use and tank-to-wake emissions are operating measurements of the shipping system rather than an independent causal phenomenon."
"carrier_interconnection_bottleneck","Carrier Interconnection Bottleneck","resolved metric ledger","operational_indicator","","","","0","true","relationship_or_metric_specific","carrier_interconnection_capacity_constraint","canonical_node_metric_alias","4","resolved","full_campaign_backlog","true","resolved_metric_record","false","not_applicable","resolved_metric_binding","resolved","generated_metric_alias","0","false","false","","","An interconnection constraint is an observed condition at a specific interface, not a separate causal system. Preserve layer, direction, capacity, traffic and performance on the canonical backbone."
"cement_clinker_kiln_calcination","Cement Clinker Kiln Calcination","resolved metric ledger","operational_indicator","","","","0","true","relationship_or_metric_specific","cement_process_co2_from_calcination","canonical_node_metric_alias","4","resolved","full_campaign_backlog","true","resolved_metric_record","false","not_applicable","resolved_metric_binding","resolved","generated_metric_alias","0","false","false","","","Calcination CO2 is a process-emission measurement inside cement and clinker production, with fuel combustion retained separately."
"chemical_factory_acid_spills","Chemical Factory Acid Spills","resolved metric ledger","operational_indicator","","","","0","true","relationship_or_metric_specific","facility_acid_release_event","research_track_metric_without_canonical_node","4","resolved","full_campaign_backlog","true","resolved_metric_record","false","not_applicable","resolved_metric_binding","resolved","generated_metric_alias","0","false","false","","","The broad label has no honest canonical system and presumes facility type, substance, pathway, and impact. Retain a bounded incident-measurement contract in the research ledger while removing the unsupported causal node."
"chip_packaging_throughput","Chip Packaging Throughput","resolved metric ledger","operational_indicator","","","","0","true","relationship_or_metric_specific","semiconductor_advanced_packaging_throughput","canonical_node_metric_alias","4","resolved","full_campaign_backlog","true","resolved_metric_record","false","not_applicable","resolved_metric_binding","resolved","generated_metric_alias","0","false","false","","","Packaging output is a manufacturing-flow measurement, not another semiconductor system. Preserve good units, yield, process boundary and utilization on the canonical fabrication pathway."
"climate_refugee_camp_densities","Climate Refugee Camp Densities","resolved metric ledger","operational_indicator","","","","0","true","relationship_or_metric_specific","displacement_settlement_population_density_and_space","canonical_node_metric_alias","4","resolved","full_campaign_backlog","true","resolved_metric_record","false","not_applicable","resolved_metric_binding","resolved","generated_metric_alias","0","false","false","","","The generated label conflates legal status, displacement trigger, settlement occupancy and crowding. Preserve event-level movement, registered population, site area and space per person on the canonical migration system."
"clinical_outage_risk","Clinical Outage Risk","resolved metric ledger","operational_indicator","","","","0","true","relationship_or_metric_specific","clinical_service_outage_and_continuity","canonical_node_metric_alias","4","resolved","full_campaign_backlog","true","resolved_metric_record","false","not_applicable","resolved_metric_binding","resolved","generated_metric_alias","0","false","false","","","Clinical service interruption and continuity evidence are consequences and capabilities of essential infrastructure, not a separate risk node."
"cloud_campus_water_stress","Cloud Campus Water Stress","resolved metric ledger","operational_indicator","","","","0","true","relationship_or_metric_specific","data_center_water_use_and_local_scarcity_context","canonical_node_metric_alias","4","resolved","full_campaign_backlog","true","resolved_metric_record","false","not_applicable","resolved_metric_binding","resolved","generated_metric_alias","0","false","false","","","Campus water use becomes stress only relative to local availability and competing demand. Preserve the facility water balance and basin context on the canonical cooling-water system."
"cloud_compute_grid_bottlenecks","Cloud Compute Grid Bottlenecks","resolved metric ledger","operational_indicator","","","","0","true","relationship_or_metric_specific","data_center_grid_interconnection_constraint","canonical_node_metric_alias","4","resolved","full_campaign_backlog","true","resolved_metric_record","false","not_applicable","resolved_metric_binding","resolved","generated_metric_alias","0","false","false","","","The generated label combines a load customer with an interconnection or network constraint. Preserve the documented queue and capacity measurements on the canonical grid-stress system."
"cloud_feedback_hotspots","Cloud Feedback Hotspots","resolved metric ledger","operational_indicator","","","","0","true","relationship_or_metric_specific","regional_cloud_radiative_effect_anomaly","canonical_node_metric_alias","4","resolved","full_campaign_backlog","true","resolved_metric_record","false","not_applicable","resolved_metric_binding","resolved","generated_metric_alias","0","false","false","","","A regional radiative anomaly is a measurement used to investigate cloud feedback, not an independently acting hotspot. Preserve the observation on the canonical cloud-radiative system and require temperature-response analysis before labelling feedback."
"cloud_region_expansion","Cloud Region Expansion","resolved metric ledger","operational_indicator","","","","0","true","relationship_or_metric_specific","cloud_region_facility_capacity_addition","canonical_node_metric_alias","4","resolved","full_campaign_backlog","true","resolved_metric_record","false","not_applicable","resolved_metric_binding","resolved","generated_metric_alias","0","false","false","","","Cloud-region count and commissioned facility capacity are inventory measurements of data-center expansion, not a second causal system."
"coal_fired_electricity_generation","Coal Fired Electricity Generation","resolved metric ledger","authored_root_driver_metric","","","","0","true","relationship_or_metric_specific","coal_unit_generation_and_heat_input","target_mechanism_metric","4","resolved","full_campaign_backlog","true","resolved_metric_record","false","not_applicable","resolved_metric_binding","resolved","root_driver_metric","0","false","false","","","Resolved as a bounded measurement on a canonical graph node."
"coal_fired_power_outflow","Coal Fired Power Outflow","resolved metric ledger","operational_indicator","","","","0","true","relationship_or_metric_specific","coal_power_plant_emission_inventory","canonical_node_metric_alias","4","resolved","full_campaign_backlog","true","resolved_metric_record","false","not_applicable","resolved_metric_binding","resolved","generated_metric_alias","0","false","false","","","The label collapses several pollutants and a facility system into one outflow. Preserve pollutant-specific mass and rates on the canonical coal-power output pathway."
"coal_fly_ash_lagoons","Coal Fly Ash Lagoons","resolved metric ledger","operational_indicator","","","","0","true","relationship_or_metric_specific","coal_combustion_residual_impoundment_condition","canonical_node_metric_alias","4","resolved","full_campaign_backlog","true","resolved_metric_record","false","not_applicable","resolved_metric_binding","resolved","generated_metric_alias","0","false","false","","","A surface impoundment is infrastructure and a monitored waste unit, not a separate causal phenomenon. Preserve its residual inventory and condition on the coal-power system."
"coastal_algal_biomass_pulse","Coastal Algal Biomass Pulse","resolved metric ledger","authored_root_driver_metric","","","","0","true","relationship_or_metric_specific","coastal_algal_biomass_pulse","target_mechanism_metric","4","resolved","full_campaign_backlog","true","resolved_metric_record","false","not_applicable","resolved_metric_binding","resolved","root_driver_metric","0","false","false","","","Resolved as a bounded measurement on a canonical graph node."
"coastal_freshwater_head_decline","Coastal Freshwater Head Decline","resolved metric ledger","authored_root_driver_metric","","","","0","true","relationship_or_metric_specific","coastal_freshwater_head_decline","target_mechanism_metric","4","resolved","full_campaign_backlog","true","resolved_metric_record","false","not_applicable","resolved_metric_binding","resolved","root_driver_metric","0","false","false","","","Resolved as a bounded measurement on a canonical graph node."
"coastal_nutrient_loading","Coastal Nutrient Loading","resolved metric ledger","authored_root_driver_metric","","","","0","true","relationship_or_metric_specific","coastal_nutrient_loading","target_mechanism_metric","4","resolved","full_campaign_backlog","true","resolved_metric_record","false","not_applicable","resolved_metric_binding","resolved","root_driver_metric","0","false","false","","","Resolved as a bounded measurement on a canonical graph node."
"coastal_organic_matter_respiration","Coastal Organic Matter Respiration","resolved metric ledger","authored_root_driver_metric","","","","0","true","relationship_or_metric_specific","coastal_organic_matter_respiration","target_mechanism_metric","4","resolved","full_campaign_backlog","true","resolved_metric_record","false","not_applicable","resolved_metric_binding","resolved","root_driver_metric","0","false","false","","","Resolved as a bounded measurement on a canonical graph node."
"coastal_overfishing_scars","Coastal Overfishing Scars","resolved metric ledger","operational_indicator","","","","0","true","relationship_or_metric_specific","coastal_stock_fishing_pressure_and_recovery","canonical_node_metric_alias","4","resolved","full_campaign_backlog","true","resolved_metric_record","false","not_applicable","resolved_metric_binding","resolved","generated_metric_alias","0","false","false","","","Stock status, fishing pressure, habitat condition, and recovery are measurements within the canonical fisheries system; scar is not a standardized condition."
"coastal_recharge_drainage_change","Coastal Recharge Drainage Change","resolved metric ledger","authored_root_driver_metric","","","","0","true","relationship_or_metric_specific","coastal_recharge_drainage_change","target_mechanism_metric","4","resolved","full_campaign_backlog","true","resolved_metric_record","false","not_applicable","resolved_metric_binding","resolved","root_driver_metric","0","false","false","","","Resolved as a bounded measurement on a canonical graph node."
"coastal_sea_level_saltwater_forcing","Coastal Sea Level Saltwater Forcing","resolved metric ledger","authored_root_driver_metric","","","","0","true","relationship_or_metric_specific","coastal_sea_level_saltwater_forcing","target_mechanism_metric","4","resolved","full_campaign_backlog","true","resolved_metric_record","false","not_applicable","resolved_metric_binding","resolved","root_driver_metric","0","false","false","","","Resolved as a bounded measurement on a canonical graph node."
"coastal_water_column_stratification","Coastal Water Column Stratification","resolved metric ledger","authored_root_driver_metric","","","","0","true","relationship_or_metric_specific","coastal_water_column_stratification","target_mechanism_metric","4","resolved","full_campaign_backlog","true","resolved_metric_record","false","not_applicable","resolved_metric_binding","resolved","root_driver_metric","0","false","false","","","Resolved as a bounded measurement on a canonical graph node."
"cold_chain_refrigerant_leaks","Cold Chain Refrigerant Leaks","resolved metric ledger","operational_indicator","","","","0","true","relationship_or_metric_specific","cold_chain_refrigerant_emission","canonical_node_metric_alias","4","resolved","full_campaign_backlog","true","resolved_metric_record","false","not_applicable","resolved_metric_binding","resolved","generated_metric_alias","0","false","false","","","This is a sector-bounded refrigerant-loss measurement within the wider cooling and refrigerant system, not an independent causal phenomenon."
"commercial_refrigeration_freon_leaks","Commercial Refrigeration Freon Leaks","resolved metric ledger","operational_indicator","","","","0","true","relationship_or_metric_specific","commercial_refrigerant_emission","canonical_node_metric_alias","4","resolved","full_campaign_backlog","true","resolved_metric_record","false","not_applicable","resolved_metric_binding","resolved","generated_metric_alias","0","false","false","","","The record is a measurable leakage pathway for commercial cooling equipment and belongs on the canonical cooling node as a scoped metric."
"commercial_refrigeration_system_operation","Commercial Refrigeration System Operation","resolved metric ledger","authored_root_driver_metric","","","","0","true","relationship_or_metric_specific","commercial_refrigerant_charge_and_service","target_mechanism_metric","4","resolved","full_campaign_backlog","true","resolved_metric_record","false","not_applicable","resolved_metric_binding","resolved","root_driver_metric","0","false","false","","","Resolved as a bounded measurement on a canonical graph node."
"commuter_rail_transit_gaps","Commuter Rail Transit Gaps","resolved metric ledger","operational_indicator","","","","0","true","relationship_or_metric_specific","rail_transit_service_restriction_and_access_gap","canonical_node_metric_alias","4","resolved","full_campaign_backlog","true","resolved_metric_record","false","not_applicable","resolved_metric_binding","resolved","generated_metric_alias","0","false","false","","","The phrase mixes track condition, service reliability and geographic access. Preserve restrictions, cancellations, delay, frequency and access as separate infrastructure-service measurements."
"competing_reservoir_release_obligations","Competing Reservoir Release Obligations","resolved metric ledger","authored_root_driver_metric","","","","0","true","relationship_or_metric_specific","reservoir_release_constraint","target_mechanism_metric","4","resolved","full_campaign_backlog","true","resolved_metric_record","false","not_applicable","resolved_metric_binding","resolved","root_driver_metric","0","false","false","","","Resolved as a bounded measurement on a canonical graph node."
"confined_pig_farm_effluent","Confined Pig Farm Effluent","resolved metric ledger","operational_indicator","","","","0","true","relationship_or_metric_specific","confined_swine_effluent_load","canonical_node_metric_alias","4","resolved","full_campaign_backlog","true","resolved_metric_record","false","not_applicable","resolved_metric_binding","resolved","generated_metric_alias","0","false","false","","","Facility effluent is a source-specific water-pollution load. Preserve volume, analytes, pathway, and permit context on the canonical nutrient-pollution system."
"construction_concrete_debris","Construction Concrete Debris","resolved metric ledger","operational_indicator","","","","0","true","relationship_or_metric_specific","construction_demolition_concrete_flow","canonical_node_metric_alias","4","resolved","full_campaign_backlog","true","resolved_metric_record","false","not_applicable","resolved_metric_binding","resolved","generated_metric_alias","0","false","false","","","Debris is a material-flow measurement, not an independent causal phenomenon. Preserve generation, recovery, reuse and disposal on the canonical resource system."
"consumer_product_obsolescence","Consumer Product Obsolescence","resolved metric ledger","operational_indicator","","","","0","true","relationship_or_metric_specific","consumer_product_service_life_and_end_of_use_flow","canonical_node_metric_alias","4","resolved","full_campaign_backlog","true","resolved_metric_record","false","not_applicable","resolved_metric_binding","resolved","generated_metric_alias","0","false","false","","","Short service life and end-of-use flow are measurable material-cycle dimensions, while planned obsolescence requires separate intent evidence. Preserve the bounded metrics on the canonical resource system."
"cooling_tower_evaporation","Cooling Tower Evaporation","resolved metric ledger","operational_indicator","","","","0","true","relationship_or_metric_specific","data_center_cooling_tower_evaporative_consumption","canonical_node_metric_alias","4","resolved","full_campaign_backlog","true","resolved_metric_record","false","not_applicable","resolved_metric_binding","resolved","generated_metric_alias","0","false","false","","","Evaporation is one term in the facility water balance. Preserve it with withdrawal, blowdown, reuse, and cooling load on the canonical system."
"copper_smelter_acid_rainfall","Copper Smelter Acid Rainfall","resolved metric ledger","operational_indicator","","","","0","true","relationship_or_metric_specific","primary_copper_smelter_sulfur_dioxide_emission","canonical_node_metric_alias","4","resolved","full_campaign_backlog","true","resolved_metric_record","false","not_applicable","resolved_metric_binding","resolved","generated_metric_alias","0","false","false","","","The generated label collapses a facility emission source with a transported atmospheric deposition outcome. Preserve process-specific sulfur-dioxide concentration, mass, and control efficiency on the canonical sulfur system; require atmospheric chemistry and source apportionment before assigning deposition."
"dairy_herd_methane_belches","Dairy Herd Methane Belches","resolved metric ledger","operational_indicator","","","","0","true","relationship_or_metric_specific","dairy_enteric_methane_emission","canonical_node_metric_alias","4","resolved","full_campaign_backlog","true","resolved_metric_record","false","not_applicable","resolved_metric_binding","resolved","generated_metric_alias","0","false","false","","","The informal wording denotes enteric methane, a source-sector measurement within the canonical gas system. Preserve animal, diet, production, method, and uncertainty."
"data_center_backup_diesel_emissions","Data Center Backup Diesel Emissions","resolved metric ledger","operational_indicator","","","","0","true","relationship_or_metric_specific","data_center_backup_generator_emission","canonical_node_metric_alias","4","resolved","full_campaign_backlog","true","resolved_metric_record","false","not_applicable","resolved_metric_binding","resolved","generated_metric_alias","0","false","false","","","Backup-generator emissions are a facility operating metric that requires event and fuel data; they are not an independent data-center phenomenon."
"data_center_cooling_water_demand","Data Center Cooling Water Demand","resolved metric ledger","operational_indicator","","","","0","true","relationship_or_metric_specific","data_center_cooling_water_withdrawal_and_consumption","canonical_node_metric_alias","4","resolved","full_campaign_backlog","true","resolved_metric_record","false","not_applicable","resolved_metric_binding","resolved","generated_metric_alias","0","false","false","","","Cooling-water withdrawal and consumption are bounded operational measures of a facility, not a second causal data-center node."
"data_center_heat_rejection","Data Center Heat Rejection","resolved metric ledger","operational_indicator","","","","0","true","relationship_or_metric_specific","data_center_rejected_heat_load","canonical_node_metric_alias","4","resolved","full_campaign_backlog","true","resolved_metric_record","false","not_applicable","resolved_metric_binding","resolved","generated_metric_alias","0","false","false","","","Rejected heat is a facility energy-balance output conditioned by IT load and cooling design, so it belongs as a metric on the canonical system node."
"deciduous_leaf_drop_offsets","Deciduous Leaf Drop Offsets","resolved metric ledger","operational_indicator","","","","0","true","relationship_or_metric_specific","deciduous_senescence_timing_anomaly","canonical_node_metric_alias","4","resolved","full_campaign_backlog","true","resolved_metric_record","false","not_applicable","resolved_metric_binding","resolved","generated_metric_alias","0","false","false","","","The informal wording mixes canopy reflectance with plant phenophases. Preserve a method-specific senescence anomaly on the canonical biodiversity-condition system."
"deep_ocean_heat_sinks","Deep Ocean Heat Sinks","resolved metric ledger","operational_indicator","","","","0","true","relationship_or_metric_specific","ocean_heat_content_anomaly_by_depth","canonical_node_metric_alias","4","resolved","full_campaign_backlog","true","resolved_metric_record","false","not_applicable","resolved_metric_binding","resolved","generated_metric_alias","0","false","false","","","Depth-resolved heat uptake is measured through the ocean heat-content record; the informal sink wording is retained for search only."
"deep_well_water_table_drops","Deep Well Water Table Drops","resolved metric ledger","operational_indicator","","","","0","true","relationship_or_metric_specific","deep_well_groundwater_level_departure","canonical_node_metric_alias","4","resolved","full_campaign_backlog","true","resolved_metric_record","false","not_applicable","resolved_metric_binding","resolved","generated_metric_alias","0","false","false","","","A deep-well level departure is a station-level observation used to assess aquifer condition; it is not an independent depletion phenomenon."
"deepwater_methane_hydrate_drilling","Deepwater Methane Hydrate Drilling","resolved metric ledger","operational_indicator","","","","0","true","relationship_or_metric_specific","methane_hydrate_drilling_activity_and_release","canonical_node_metric_alias","4","resolved","full_campaign_backlog","true","resolved_metric_record","false","not_applicable","resolved_metric_binding","resolved","generated_metric_alias","0","false","false","","","Drilling and production-test records are source-specific methane-system measurements and do not establish atmospheric release."
"dense_rack_power_demand","Dense Rack Power Demand","resolved metric ledger","operational_indicator","","","","0","true","relationship_or_metric_specific","rack_power_density_and_peak_demand","canonical_node_metric_alias","4","resolved","full_campaign_backlog","true","resolved_metric_record","false","not_applicable","resolved_metric_binding","resolved","generated_metric_alias","0","false","false","","","Rack power density is an operating and design measurement inside a facility. Preserve telemetry and utilization without creating another node."
"desalination_intake_disruptions","Desalination Intake Disruptions","resolved metric ledger","operational_indicator","","","","0","true","relationship_or_metric_specific","desalination_intake_outage_and_capacity_loss","canonical_node_metric_alias","4","resolved","full_campaign_backlog","true","resolved_metric_record","false","not_applicable","resolved_metric_binding","resolved","generated_metric_alias","0","false","false","","","Intake condition and outage are plant-operability measurements within the canonical desalination system."
"desert_boundary_grazing","Desert Boundary Grazing","resolved metric ledger","operational_indicator","","","","0","true","relationship_or_metric_specific","dryland_grazing_pressure_and_vegetation_condition","canonical_node_metric_alias","4","resolved","full_campaign_backlog","true","resolved_metric_record","false","not_applicable","resolved_metric_binding","resolved","generated_metric_alias","0","false","false","","","A desert boundary is not a fixed monitoring unit and grazing is not inherently degradation. Preserve pressure and vegetation-condition measurements on the canonical dryland system."
"diesel_locomotive_operation","Diesel Locomotive Operation","resolved metric ledger","authored_root_driver_metric","","","","0","true","relationship_or_metric_specific","locomotive_fuel_use_and_activity","target_mechanism_metric","4","resolved","full_campaign_backlog","true","resolved_metric_record","false","not_applicable","resolved_metric_binding","resolved","root_driver_metric","0","false","false","","","Resolved as a bounded measurement on a canonical graph node."
"digital_hardware_refresh_cycle","Digital Hardware Refresh Cycle","resolved metric ledger","operational_indicator","","","","0","true","relationship_or_metric_specific","digital_hardware_service_life_and_retirement_flow","canonical_node_metric_alias","4","resolved","full_campaign_backlog","true","resolved_metric_record","false","not_applicable","resolved_metric_binding","resolved","generated_metric_alias","0","false","false","","","Service life and retirement are product-fleet and material-flow measurements; preserve them on the canonical material-resource system."
"disease_surveillance_gaps","Disease Surveillance Gaps","resolved metric ledger","operational_indicator","","","","0","true","relationship_or_metric_specific","disease_surveillance_timeliness_and_coverage_gap","canonical_node_metric_alias","4","resolved","full_campaign_backlog","true","resolved_metric_record","false","not_applicable","resolved_metric_binding","resolved","generated_metric_alias","0","false","false","","","This is a domain-specific measurement of warning coverage, timeliness, verification, and laboratory capacity. Preserve it on the canonical warning-coverage system."
"drinking_water_safety_control_failure","Drinking Water Safety Control Failure","resolved metric ledger","authored_root_driver_metric","","","","0","true","relationship_or_metric_specific","drinking_water_safety_control_failures","target_mechanism_metric","4","resolved","full_campaign_backlog","true","resolved_metric_record","false","not_applicable","resolved_metric_binding","resolved","root_driver_metric","0","false","false","","","Resolved as a bounded measurement on a canonical graph node."
"drip_irrigation_siltation","Drip Irrigation Siltation","resolved metric ledger","operational_indicator","","","","0","true","relationship_or_metric_specific","drip_emitter_sediment_clogging","canonical_node_metric_alias","4","resolved","full_campaign_backlog","true","resolved_metric_record","false","not_applicable","resolved_metric_binding","resolved","generated_metric_alias","0","false","false","","","Emitter clogging is a measured failure mode within an irrigation system. Preserve sediment, filtration, pressure, flow uniformity, and maintenance as operational metrics."
"dryland_salinization_cracks","Dryland Salinization Cracks","resolved metric ledger","operational_indicator","","","","0","true","relationship_or_metric_specific","dryland_soil_salinity_and_surface_condition","canonical_node_metric_alias","4","resolved","full_campaign_backlog","true","resolved_metric_record","false","not_applicable","resolved_metric_binding","resolved","generated_metric_alias","0","false","false","","","Visible cracking is not a salinity measure. Preserve chemistry, depth, area, and surface condition on the canonical salinization system."
"e_commerce_delivery_vehicle_miles","E Commerce Delivery Vehicle Miles","resolved metric ledger","operational_indicator","","","","0","true","relationship_or_metric_specific","last_mile_delivery_vehicle_distance","canonical_node_metric_alias","4","resolved","full_campaign_backlog","true","resolved_metric_record","false","not_applicable","resolved_metric_binding","resolved","generated_metric_alias","0","false","false","","","Delivery distance is an activity measurement within the road-freight system. Preserve routes, fleet, load and empty travel without treating order volume as distance or emissions."
"e_waste_lead_soil_bleeding","E Waste Lead Soil Bleeding","resolved metric ledger","operational_indicator","","","","0","true","relationship_or_metric_specific","electronics_processing_lead_in_soil","canonical_node_metric_alias","4","resolved","full_campaign_backlog","true","resolved_metric_record","false","not_applicable","resolved_metric_binding","resolved","generated_metric_alias","0","false","false","","","The generated phrase presumes source, transport, and exposure. Preserve site-specific lead measurements and source-apportionment requirements on the canonical material-lifecycle system."
"e_waste_processing_scrap","E Waste Processing Scrap","resolved metric ledger","operational_indicator","","","","0","true","relationship_or_metric_specific","electronics_treatment_residual_mass","canonical_node_metric_alias","4","resolved","full_campaign_backlog","true","resolved_metric_record","false","not_applicable","resolved_metric_binding","resolved","generated_metric_alias","0","false","false","","","The phrase describes a treatment-stage material-flow measurement, not an independently acting causal process. Preserve residual and recovery data on the canonical material-resource system, with electronics as an explicit subsector."
"edge_compute_load_pocket","Edge Compute Load Pocket","resolved metric ledger","operational_indicator","","","","0","true","relationship_or_metric_specific","edge_compute_electric_load","canonical_node_metric_alias","4","resolved","full_campaign_backlog","true","resolved_metric_record","false","not_applicable","resolved_metric_binding","resolved","generated_metric_alias","0","false","false","","","This is a facility- and feeder-bounded load measurement, not an independent causal pocket. Preserve it on the data-center system with grid context."
"edge_effect_intensifications","Edge Effect Intensifications","resolved metric ledger","operational_indicator","","","","0","true","relationship_or_metric_specific","habitat_edge_exposure_and_response","canonical_node_metric_alias","4","resolved","full_campaign_backlog","true","resolved_metric_record","false","not_applicable","resolved_metric_binding","resolved","generated_metric_alias","0","false","false","","","Edge effects are boundary-, species-, scale-, and response-specific measurements within fragmented habitat. Preserve them on the canonical habitat-patch system."
"electrical_grid_load_sinks","Electrical Grid Load Sinks","resolved metric ledger","operational_indicator","","","","0","true","relationship_or_metric_specific","balancing_authority_peak_load_concentration","canonical_node_metric_alias","4","resolved","full_campaign_backlog","true","resolved_metric_record","false","not_applicable","resolved_metric_binding","resolved","generated_metric_alias","0","false","false","","","Demand concentration and peak load are operating measurements of the grid, not a separate causal sink. Preserve them on the canonical peak-stress system while requiring capacity and reserve context for any stress claim."
"electronics_end_of_life_collection","Electronics End Of Life Collection","resolved metric ledger","authored_root_driver_metric","","","","0","true","relationship_or_metric_specific","used_electronics_collected_by_channel","target_mechanism_metric","4","resolved","full_campaign_backlog","true","resolved_metric_record","false","not_applicable","resolved_metric_binding","resolved","root_driver_metric","0","false","false","","","Resolved as a bounded measurement on a canonical graph node."
"electronics_solvents_leachate","Electronics Solvents Leachate","resolved metric ledger","operational_indicator","","","","0","true","relationship_or_metric_specific","electronics_site_solvent_release_and_leachate","canonical_node_metric_alias","4","resolved","full_campaign_backlog","true","resolved_metric_record","false","not_applicable","resolved_metric_binding","resolved","generated_metric_alias","0","false","false","","","A detected compound and release pathway are site-specific waste-lifecycle measurements, not a separate electronics-wide phenomenon."
"endemic_species_isolations","Endemic Species Isolations","resolved metric ledger","operational_indicator","","","","0","true","relationship_or_metric_specific","endemic_population_connectivity_and_isolation","canonical_node_metric_alias","4","resolved","full_campaign_backlog","true","resolved_metric_record","false","not_applicable","resolved_metric_binding","resolved","generated_metric_alias","0","false","false","","","Endemism can reflect long natural history rather than new fragmentation. Preserve species-specific connectivity, occupancy, and genetic evidence on the canonical habitat system."
"erosion_driven_topsoil_organic_matter_loss","Erosion Driven Topsoil Organic Matter Loss","resolved metric ledger","authored_root_driver_metric","","","","0","true","relationship_or_metric_specific","erosion_linked_topsoil_organic_matter_loss","target_mechanism_metric","4","resolved","full_campaign_backlog","true","resolved_metric_record","false","not_applicable","resolved_metric_binding","resolved","root_driver_metric","0","false","false","","","Resolved as a bounded measurement on a canonical graph node."
"evidence_agricultural_nutrient_runoff","Evidence Agricultural Nutrient Runoff","resolved metric ledger","operational_indicator","","","","0","true","relationship_or_metric_specific","evidence_agricultural_nutrient_runoff","canonical_node_metric_alias","4","resolved","full_campaign_backlog","true","resolved_metric_record","false","not_applicable","resolved_metric_binding","resolved","operational_indicator_metric","0","false","false","","","This record is a bounded operational measurement of its adjacent system, not an independently supported causal phenomenon."
"evidence_arctic_ice_export_anomaly","Evidence Arctic Ice Export Anomaly","resolved metric ledger","operational_indicator","","","","0","true","relationship_or_metric_specific","evidence_arctic_ice_export_anomaly","canonical_node_metric_alias","4","resolved","full_campaign_backlog","true","resolved_metric_record","false","not_applicable","resolved_metric_binding","resolved","operational_indicator_metric","0","false","false","","","This record is a bounded operational measurement of its adjacent system, not an independently supported causal phenomenon."
"evidence_arctic_melt_pond_coverage","Evidence Arctic Melt Pond Coverage","resolved metric ledger","operational_indicator","","","","0","true","relationship_or_metric_specific","evidence_arctic_melt_pond_coverage","canonical_node_metric_alias","4","resolved","full_campaign_backlog","true","resolved_metric_record","false","not_applicable","resolved_metric_binding","resolved","operational_indicator_metric","0","false","false","","","This record is a bounded operational measurement of its adjacent system, not an independently supported causal phenomenon."
"evidence_arctic_multi_year_ice_fraction_loss","Evidence Arctic Multi Year Ice Fraction Loss","resolved metric ledger","operational_indicator","","","","0","true","relationship_or_metric_specific","evidence_arctic_multi_year_ice_fraction_loss","canonical_node_metric_alias","4","resolved","full_campaign_backlog","true","resolved_metric_record","false","not_applicable","resolved_metric_binding","resolved","operational_indicator_metric","0","false","false","","","This record is a bounded operational measurement of its adjacent system, not an independently supported causal phenomenon."
"evidence_arctic_ocean_heat_content","Evidence Arctic Ocean Heat Content","resolved metric ledger","operational_indicator","","","","0","true","relationship_or_metric_specific","evidence_arctic_ocean_heat_content","canonical_node_metric_alias","4","resolved","full_campaign_backlog","true","resolved_metric_record","false","not_applicable","resolved_metric_binding","resolved","operational_indicator_metric","0","false","false","","","This record is a bounded operational measurement of its adjacent system, not an independently supported causal phenomenon."
"evidence_arctic_summer_melt_duration","Evidence Arctic Summer Melt Duration","resolved metric ledger","operational_indicator","","","","0","true","relationship_or_metric_specific","evidence_arctic_summer_melt_duration","canonical_node_metric_alias","4","resolved","full_campaign_backlog","true","resolved_metric_record","false","not_applicable","resolved_metric_binding","resolved","operational_indicator_metric","0","false","false","","","This record is a bounded operational measurement of its adjacent system, not an independently supported causal phenomenon."
"evidence_arctic_warm_water_inflow","Evidence Arctic Warm Water Inflow","resolved metric ledger","operational_indicator","","","","0","true","relationship_or_metric_specific","evidence_arctic_warm_water_inflow","canonical_node_metric_alias","4","resolved","full_campaign_backlog","true","resolved_metric_record","false","not_applicable","resolved_metric_binding","resolved","operational_indicator_metric","0","false","false","","","This record is a bounded operational measurement of its adjacent system, not an independently supported causal phenomenon."
"evidence_arctic_winter_freeze_up_delay","Evidence Arctic Winter Freeze Up Delay","resolved metric ledger","operational_indicator","","","","0","true","relationship_or_metric_specific","evidence_arctic_winter_freeze_up_delay","canonical_node_metric_alias","4","resolved","full_campaign_backlog","true","resolved_metric_record","false","not_applicable","resolved_metric_binding","resolved","operational_indicator_metric","0","false","false","","","This record is a bounded operational measurement of its adjacent system, not an independently supported causal phenomenon."
"evidence_coastal_aquifer_pumping_rate","Evidence Coastal Aquifer Pumping Rate","resolved metric ledger","operational_indicator","","","","0","true","relationship_or_metric_specific","evidence_coastal_aquifer_pumping_rate","canonical_node_metric_alias","4","resolved","full_campaign_backlog","true","resolved_metric_record","false","not_applicable","resolved_metric_binding","resolved","operational_indicator_metric","0","false","false","","","This record is a bounded operational measurement of its adjacent system, not an independently supported causal phenomenon."
"evidence_coastal_aquifer_recharge_deficit","Evidence Coastal Aquifer Recharge Deficit","resolved metric ledger","operational_indicator","","","","0","true","relationship_or_metric_specific","evidence_coastal_aquifer_recharge_deficit","canonical_node_metric_alias","4","resolved","full_campaign_backlog","true","resolved_metric_record","false","not_applicable","resolved_metric_binding","resolved","operational_indicator_metric","0","false","false","","","This record is a bounded operational measurement of its adjacent system, not an independently supported causal phenomenon."
"evidence_coastal_bluff_ice_content","Evidence Coastal Bluff Ice Content","resolved metric ledger","operational_indicator","","","","0","true","relationship_or_metric_specific","evidence_coastal_bluff_ice_content","canonical_node_metric_alias","4","resolved","full_campaign_backlog","true","resolved_metric_record","false","not_applicable","resolved_metric_binding","resolved","operational_indicator_metric","0","false","false","","","This record is a bounded operational measurement of its adjacent system, not an independently supported causal phenomenon."
"evidence_coastal_canal_salinity_leakage","Evidence Coastal Canal Salinity Leakage","resolved metric ledger","operational_indicator","","","","0","true","relationship_or_metric_specific","evidence_coastal_canal_salinity_leakage","canonical_node_metric_alias","4","resolved","full_campaign_backlog","true","resolved_metric_record","false","not_applicable","resolved_metric_binding","resolved","operational_indicator_metric","0","false","false","","","This record is a bounded operational measurement of its adjacent system, not an independently supported causal phenomenon."
"evidence_coastal_chloride_concentration","Evidence Coastal Chloride Concentration","resolved metric ledger","operational_indicator","","","","0","true","relationship_or_metric_specific","evidence_coastal_chloride_concentration","canonical_node_metric_alias","4","resolved","full_campaign_backlog","true","resolved_metric_record","false","not_applicable","resolved_metric_binding","resolved","operational_indicator_metric","0","false","false","","","This record is a bounded operational measurement of its adjacent system, not an independently supported causal phenomenon."
"evidence_coastal_open_water_fetch","Evidence Coastal Open Water Fetch","resolved metric ledger","operational_indicator","","","","0","true","relationship_or_metric_specific","evidence_coastal_open_water_fetch","canonical_node_metric_alias","4","resolved","full_campaign_backlog","true","resolved_metric_record","false","not_applicable","resolved_metric_binding","resolved","operational_indicator_metric","0","false","false","","","This record is a bounded operational measurement of its adjacent system, not an independently supported causal phenomenon."
"evidence_coastal_storm_surge_reach","Evidence Coastal Storm Surge Reach","resolved metric ledger","operational_indicator","","","","0","true","relationship_or_metric_specific","evidence_coastal_storm_surge_reach","canonical_node_metric_alias","4","resolved","full_campaign_backlog","true","resolved_metric_record","false","not_applicable","resolved_metric_binding","resolved","operational_indicator_metric","0","false","false","","","This record is a bounded operational measurement of its adjacent system, not an independently supported causal phenomenon."
"evidence_coastal_storm_surge_salinity_exposure","Evidence Coastal Storm Surge Salinity Exposure","resolved metric ledger","operational_indicator","","","","0","true","relationship_or_metric_specific","evidence_coastal_storm_surge_salinity_exposure","canonical_node_metric_alias","4","resolved","full_campaign_backlog","true","resolved_metric_record","false","not_applicable","resolved_metric_binding","resolved","operational_indicator_metric","0","false","false","","","This record is a bounded operational measurement of its adjacent system, not an independently supported causal phenomenon."
"evidence_coastal_water_residence_time","Evidence Coastal Water Residence Time","resolved metric ledger","operational_indicator","","","","0","true","relationship_or_metric_specific","evidence_coastal_water_residence_time","canonical_node_metric_alias","4","resolved","full_campaign_backlog","true","resolved_metric_record","false","not_applicable","resolved_metric_binding","resolved","operational_indicator_metric","0","false","false","","","This record is a bounded operational measurement of its adjacent system, not an independently supported causal phenomenon."
"evidence_coastal_wave_energy_exposure","Evidence Coastal Wave Energy Exposure","resolved metric ledger","operational_indicator","","","","0","true","relationship_or_metric_specific","evidence_coastal_wave_energy_exposure","canonical_node_metric_alias","4","resolved","full_campaign_backlog","true","resolved_metric_record","false","not_applicable","resolved_metric_binding","resolved","operational_indicator_metric","0","false","false","","","This record is a bounded operational measurement of its adjacent system, not an independently supported causal phenomenon."
"evidence_coastal_well_field_drawdown","Evidence Coastal Well Field Drawdown","resolved metric ledger","operational_indicator","","","","0","true","relationship_or_metric_specific","evidence_coastal_well_field_drawdown","canonical_node_metric_alias","4","resolved","full_campaign_backlog","true","resolved_metric_record","false","not_applicable","resolved_metric_binding","resolved","operational_indicator_metric","0","false","false","","","This record is a bounded operational measurement of its adjacent system, not an independently supported causal phenomenon."
"evidence_fjord_basin_sediment_retention","Evidence Fjord Basin Sediment Retention","resolved metric ledger","operational_indicator","","","","0","true","relationship_or_metric_specific","evidence_fjord_basin_sediment_retention","canonical_node_metric_alias","4","resolved","full_campaign_backlog","true","resolved_metric_record","false","not_applicable","resolved_metric_binding","resolved","operational_indicator_metric","0","false","false","","","This record is a bounded operational measurement of its adjacent system, not an independently supported causal phenomenon."
"evidence_fjord_sediment_delta_loading","Evidence Fjord Sediment Delta Loading","resolved metric ledger","operational_indicator","","","","0","true","relationship_or_metric_specific","evidence_fjord_sediment_delta_loading","canonical_node_metric_alias","4","resolved","full_campaign_backlog","true","resolved_metric_record","false","not_applicable","resolved_metric_binding","resolved","operational_indicator_metric","0","false","false","","","This record is a bounded operational measurement of its adjacent system, not an independently supported causal phenomenon."
"evidence_fjord_turbidity_current_activity","Evidence Fjord Turbidity Current Activity","resolved metric ledger","operational_indicator","","","","0","true","relationship_or_metric_specific","evidence_fjord_turbidity_current_activity","canonical_node_metric_alias","4","resolved","full_campaign_backlog","true","resolved_metric_record","false","not_applicable","resolved_metric_binding","resolved","operational_indicator_metric","0","false","false","","","This record is a bounded operational measurement of its adjacent system, not an independently supported causal phenomenon."
"evidence_fjord_turbidity_plume_extent","Evidence Fjord Turbidity Plume Extent","resolved metric ledger","operational_indicator","","","","0","true","relationship_or_metric_specific","evidence_fjord_turbidity_plume_extent","canonical_node_metric_alias","4","resolved","full_campaign_backlog","true","resolved_metric_record","false","not_applicable","resolved_metric_binding","resolved","operational_indicator_metric","0","false","false","","","This record is a bounded operational measurement of its adjacent system, not an independently supported causal phenomenon."
"evidence_freshwater_interface_position","Evidence Freshwater Interface Position","resolved metric ledger","operational_indicator","","","","0","true","relationship_or_metric_specific","evidence_freshwater_interface_position","canonical_node_metric_alias","4","resolved","full_campaign_backlog","true","resolved_metric_record","false","not_applicable","resolved_metric_binding","resolved","operational_indicator_metric","0","false","false","","","This record is a bounded operational measurement of its adjacent system, not an independently supported causal phenomenon."
"evidence_glacier_meltwater_sediment_concentration","Evidence Glacier Meltwater Sediment Concentration","resolved metric ledger","operational_indicator","","","","0","true","relationship_or_metric_specific","evidence_glacier_meltwater_sediment_concentration","canonical_node_metric_alias","4","resolved","full_campaign_backlog","true","resolved_metric_record","false","not_applicable","resolved_metric_binding","resolved","operational_indicator_metric","0","false","false","","","This record is a bounded operational measurement of its adjacent system, not an independently supported causal phenomenon."
"evidence_glacier_outwash_discharge","Evidence Glacier Outwash Discharge","resolved metric ledger","operational_indicator","","","","0","true","relationship_or_metric_specific","evidence_glacier_outwash_discharge","canonical_node_metric_alias","4","resolved","full_campaign_backlog","true","resolved_metric_record","false","not_applicable","resolved_metric_binding","resolved","operational_indicator_metric","0","false","false","","","This record is a bounded operational measurement of its adjacent system, not an independently supported causal phenomenon."
"evidence_glacier_subglacial_sediment_storage","Evidence Glacier Subglacial Sediment Storage","resolved metric ledger","operational_indicator","","","","0","true","relationship_or_metric_specific","evidence_glacier_subglacial_sediment_storage","canonical_node_metric_alias","4","resolved","full_campaign_backlog","true","resolved_metric_record","false","not_applicable","resolved_metric_binding","resolved","operational_indicator_metric","0","false","false","","","This record is a bounded operational measurement of its adjacent system, not an independently supported causal phenomenon."
"evidence_inland_fuel_transfer_incident_count","Evidence Inland Fuel Transfer Incident Count","resolved metric ledger","operational_indicator","","","","0","true","relationship_or_metric_specific","evidence_inland_fuel_transfer_incident_count","canonical_node_metric_alias","4","resolved","full_campaign_backlog","true","resolved_metric_record","false","not_applicable","resolved_metric_binding","resolved","operational_indicator_metric","0","false","false","","","This record is a bounded operational measurement of its adjacent system, not an independently supported causal phenomenon."
"evidence_inland_oil_containment_status","Evidence Inland Oil Containment Status","resolved metric ledger","operational_indicator","","","","0","true","relationship_or_metric_specific","evidence_inland_oil_containment_status","canonical_node_metric_alias","4","resolved","full_campaign_backlog","true","resolved_metric_record","false","not_applicable","resolved_metric_binding","resolved","operational_indicator_metric","0","false","false","","","This record is a bounded operational measurement of its adjacent system, not an independently supported causal phenomenon."
"evidence_inland_reported_oil_volume","Evidence Inland Reported Oil Volume","resolved metric ledger","operational_indicator","","","","0","true","relationship_or_metric_specific","evidence_inland_reported_oil_volume","canonical_node_metric_alias","4","resolved","full_campaign_backlog","true","resolved_metric_record","false","not_applicable","resolved_metric_binding","resolved","operational_indicator_metric","0","false","false","","","This record is a bounded operational measurement of its adjacent system, not an independently supported causal phenomenon."
"evidence_inland_shoreline_exposure_pathway","Evidence Inland Shoreline Exposure Pathway","resolved metric ledger","operational_indicator","","","","0","true","relationship_or_metric_specific","evidence_inland_shoreline_exposure_pathway","canonical_node_metric_alias","4","resolved","full_campaign_backlog","true","resolved_metric_record","false","not_applicable","resolved_metric_binding","resolved","operational_indicator_metric","0","false","false","","","This record is a bounded operational measurement of its adjacent system, not an independently supported causal phenomenon."
"evidence_inland_spill_response_delay","Evidence Inland Spill Response Delay","resolved metric ledger","operational_indicator","","","","0","true","relationship_or_metric_specific","evidence_inland_spill_response_delay","canonical_node_metric_alias","4","resolved","full_campaign_backlog","true","resolved_metric_record","false","not_applicable","resolved_metric_binding","resolved","operational_indicator_metric","0","false","false","","","This record is a bounded operational measurement of its adjacent system, not an independently supported causal phenomenon."
"evidence_inland_vessel_incident_count","Evidence Inland Vessel Incident Count","resolved metric ledger","operational_indicator","","","","0","true","relationship_or_metric_specific","evidence_inland_vessel_incident_count","canonical_node_metric_alias","4","resolved","full_campaign_backlog","true","resolved_metric_record","false","not_applicable","resolved_metric_binding","resolved","operational_indicator_metric","0","false","false","","","This record is a bounded operational measurement of its adjacent system, not an independently supported causal phenomenon."
"evidence_inland_waterway_current_transport","Evidence Inland Waterway Current Transport","resolved metric ledger","operational_indicator","","","","0","true","relationship_or_metric_specific","evidence_inland_waterway_current_transport","canonical_node_metric_alias","4","resolved","full_campaign_backlog","true","resolved_metric_record","false","not_applicable","resolved_metric_binding","resolved","operational_indicator_metric","0","false","false","","","This record is a bounded operational measurement of its adjacent system, not an independently supported causal phenomenon."
"evidence_rock_block_displacement","Evidence Rock Block Displacement","resolved metric ledger","operational_indicator","","","","0","true","relationship_or_metric_specific","evidence_rock_block_displacement","canonical_node_metric_alias","4","resolved","full_campaign_backlog","true","resolved_metric_record","false","not_applicable","resolved_metric_binding","resolved","operational_indicator_metric","0","false","false","","","This record is a bounded operational measurement of its adjacent system, not an independently supported causal phenomenon."
"evidence_rock_fracture_saturation","Evidence Rock Fracture Saturation","resolved metric ledger","operational_indicator","","","","0","true","relationship_or_metric_specific","evidence_rock_fracture_saturation","canonical_node_metric_alias","4","resolved","full_campaign_backlog","true","resolved_metric_record","false","not_applicable","resolved_metric_binding","resolved","operational_indicator_metric","0","false","false","","","This record is a bounded operational measurement of its adjacent system, not an independently supported causal phenomenon."
"evidence_rock_joint_aperture","Evidence Rock Joint Aperture","resolved metric ledger","operational_indicator","","","","0","true","relationship_or_metric_specific","evidence_rock_joint_aperture","canonical_node_metric_alias","4","resolved","full_campaign_backlog","true","resolved_metric_record","false","not_applicable","resolved_metric_binding","resolved","operational_indicator_metric","0","false","false","","","This record is a bounded operational measurement of its adjacent system, not an independently supported causal phenomenon."
"evidence_rock_release_area_fracture_density","Evidence Rock Release Area Fracture Density","resolved metric ledger","operational_indicator","","","","0","true","relationship_or_metric_specific","evidence_rock_release_area_fracture_density","canonical_node_metric_alias","4","resolved","full_campaign_backlog","true","resolved_metric_record","false","not_applicable","resolved_metric_binding","resolved","operational_indicator_metric","0","false","false","","","This record is a bounded operational measurement of its adjacent system, not an independently supported causal phenomenon."
"evidence_rock_slope_snowmelt_infiltration","Evidence Rock Slope Snowmelt Infiltration","resolved metric ledger","operational_indicator","","","","0","true","relationship_or_metric_specific","evidence_rock_slope_snowmelt_infiltration","canonical_node_metric_alias","4","resolved","full_campaign_backlog","true","resolved_metric_record","false","not_applicable","resolved_metric_binding","resolved","operational_indicator_metric","0","false","false","","","This record is a bounded operational measurement of its adjacent system, not an independently supported causal phenomenon."
"evidence_rock_slope_surface_temperature_range","Evidence Rock Slope Surface Temperature Range","resolved metric ledger","operational_indicator","","","","0","true","relationship_or_metric_specific","evidence_rock_slope_surface_temperature_range","canonical_node_metric_alias","4","resolved","full_campaign_backlog","true","resolved_metric_record","false","not_applicable","resolved_metric_binding","resolved","operational_indicator_metric","0","false","false","","","This record is a bounded operational measurement of its adjacent system, not an independently supported causal phenomenon."
"evidence_rock_slope_zero_crossing_count","Evidence Rock Slope Zero Crossing Count","resolved metric ledger","operational_indicator","","","","0","true","relationship_or_metric_specific","evidence_rock_slope_zero_crossing_count","canonical_node_metric_alias","4","resolved","full_campaign_backlog","true","resolved_metric_record","false","not_applicable","resolved_metric_binding","resolved","operational_indicator_metric","0","false","false","","","This record is a bounded operational measurement of its adjacent system, not an independently supported causal phenomenon."
"evidence_tundra_active_layer_depth","Evidence Tundra Active Layer Depth","resolved metric ledger","operational_indicator","","","","0","true","relationship_or_metric_specific","evidence_tundra_active_layer_depth","canonical_node_metric_alias","4","resolved","full_campaign_backlog","true","resolved_metric_record","false","not_applicable","resolved_metric_binding","resolved","operational_indicator_metric","0","false","false","","","This record is a bounded operational measurement of its adjacent system, not an independently supported causal phenomenon."
"evidence_tundra_growing_degree_days","Evidence Tundra Growing Degree Days","resolved metric ledger","operational_indicator","","","","0","true","relationship_or_metric_specific","evidence_tundra_growing_degree_days","canonical_node_metric_alias","4","resolved","full_campaign_backlog","true","resolved_metric_record","false","not_applicable","resolved_metric_binding","resolved","operational_indicator_metric","0","false","false","","","This record is a bounded operational measurement of its adjacent system, not an independently supported causal phenomenon."
"evidence_tundra_herbivore_browsing_pressure","Evidence Tundra Herbivore Browsing Pressure","resolved metric ledger","operational_indicator","","","","0","true","relationship_or_metric_specific","evidence_tundra_herbivore_browsing_pressure","canonical_node_metric_alias","4","resolved","full_campaign_backlog","true","resolved_metric_record","false","not_applicable","resolved_metric_binding","resolved","operational_indicator_metric","0","false","false","","","This record is a bounded operational measurement of its adjacent system, not an independently supported causal phenomenon."
"evidence_tundra_shrub_cover","Evidence Tundra Shrub Cover","resolved metric ledger","operational_indicator","","","","0","true","relationship_or_metric_specific","evidence_tundra_shrub_cover","canonical_node_metric_alias","4","resolved","full_campaign_backlog","true","resolved_metric_record","false","not_applicable","resolved_metric_binding","resolved","operational_indicator_metric","0","false","false","","","This record is a bounded operational measurement of its adjacent system, not an independently supported causal phenomenon."
"evidence_tundra_shrub_height","Evidence Tundra Shrub Height","resolved metric ledger","operational_indicator","","","","0","true","relationship_or_metric_specific","evidence_tundra_shrub_height","canonical_node_metric_alias","4","resolved","full_campaign_backlog","true","resolved_metric_record","false","not_applicable","resolved_metric_binding","resolved","operational_indicator_metric","0","false","false","","","This record is a bounded operational measurement of its adjacent system, not an independently supported causal phenomenon."
"evidence_tundra_snowmelt_timing","Evidence Tundra Snowmelt Timing","resolved metric ledger","operational_indicator","","","","0","true","relationship_or_metric_specific","evidence_tundra_snowmelt_timing","canonical_node_metric_alias","4","resolved","full_campaign_backlog","true","resolved_metric_record","false","not_applicable","resolved_metric_binding","resolved","operational_indicator_metric","0","false","false","","","This record is a bounded operational measurement of its adjacent system, not an independently supported causal phenomenon."
"evidence_tundra_soil_moisture_anomaly","Evidence Tundra Soil Moisture Anomaly","resolved metric ledger","operational_indicator","","","","0","true","relationship_or_metric_specific","evidence_tundra_soil_moisture_anomaly","canonical_node_metric_alias","4","resolved","full_campaign_backlog","true","resolved_metric_record","false","not_applicable","resolved_metric_binding","resolved","operational_indicator_metric","0","false","false","","","This record is a bounded operational measurement of its adjacent system, not an independently supported causal phenomenon."
"evidence_wastewater_nutrient_discharge","Evidence Wastewater Nutrient Discharge","resolved metric ledger","operational_indicator","","","","0","true","relationship_or_metric_specific","evidence_wastewater_nutrient_discharge","canonical_node_metric_alias","4","resolved","full_campaign_backlog","true","resolved_metric_record","false","not_applicable","resolved_metric_binding","resolved","operational_indicator_metric","0","false","false","","","This record is a bounded operational measurement of its adjacent system, not an independently supported causal phenomenon."
"evidence_watershed_nitrogen_export","Evidence Watershed Nitrogen Export","resolved metric ledger","operational_indicator","","","","0","true","relationship_or_metric_specific","evidence_watershed_nitrogen_export","canonical_node_metric_alias","4","resolved","full_campaign_backlog","true","resolved_metric_record","false","not_applicable","resolved_metric_binding","resolved","operational_indicator_metric","0","false","false","","","This record is a bounded operational measurement of its adjacent system, not an independently supported causal phenomenon."
"evidence_watershed_phosphorus_export","Evidence Watershed Phosphorus Export","resolved metric ledger","operational_indicator","","","","0","true","relationship_or_metric_specific","evidence_watershed_phosphorus_export","canonical_node_metric_alias","4","resolved","full_campaign_backlog","true","resolved_metric_record","false","not_applicable","resolved_metric_binding","resolved","operational_indicator_metric","0","false","false","","","This record is a bounded operational measurement of its adjacent system, not an independently supported causal phenomenon."
"exotic_pathogen_outbreaks","Exotic Pathogen Outbreaks","resolved metric ledger","operational_indicator","","","","0","true","relationship_or_metric_specific","introduced_pathogen_outbreak_record","canonical_node_metric_alias","4","resolved","full_campaign_backlog","true","resolved_metric_record","false","not_applicable","resolved_metric_binding","resolved","generated_metric_alias","0","false","false","","","Exotic is not a transmission route or severity class. Preserve named introduced-pathogen and host records on the canonical biodiversity-condition system without collapsing them into zoonotic or waterborne outbreaks."
"expressway_land_encroachments","Expressway Land Encroachments","resolved metric ledger","operational_indicator","","","","0","true","relationship_or_metric_specific","expressway_right_of_way_land_conversion","canonical_node_metric_alias","4","resolved","full_campaign_backlog","true","resolved_metric_record","false","not_applicable","resolved_metric_binding","resolved","generated_metric_alias","0","false","false","","","Mapped right-of-way conversion is a road-system land-use metric; encroachment is not a standardized phenomenon."
"extension_algal_bloom_persistence","Extension Algal Bloom Persistence","resolved metric ledger","operational_indicator","","","","0","true","relationship_or_metric_specific","extension_algal_bloom_persistence","canonical_node_metric_alias","4","resolved","full_campaign_backlog","true","resolved_metric_record","false","not_applicable","resolved_metric_binding","resolved","operational_indicator_metric","0","false","false","","","This record is a bounded operational measurement of its adjacent system, not an independently supported causal phenomenon."
"extension_arctic_freeze_up_date","Extension Arctic Freeze Up Date","resolved metric ledger","operational_indicator","","","","0","true","relationship_or_metric_specific","extension_arctic_freeze_up_date","canonical_node_metric_alias","4","resolved","full_campaign_backlog","true","resolved_metric_record","false","not_applicable","resolved_metric_binding","resolved","operational_indicator_metric","0","false","false","","","This record is a bounded operational measurement of its adjacent system, not an independently supported causal phenomenon."
"extension_arctic_ice_drift_speed","Extension Arctic Ice Drift Speed","resolved metric ledger","operational_indicator","","","","0","true","relationship_or_metric_specific","extension_arctic_ice_drift_speed","canonical_node_metric_alias","4","resolved","full_campaign_backlog","true","resolved_metric_record","false","not_applicable","resolved_metric_binding","resolved","operational_indicator_metric","0","false","false","","","This record is a bounded operational measurement of its adjacent system, not an independently supported causal phenomenon."
"extension_arctic_melt_pond_fraction","Extension Arctic Melt Pond Fraction","resolved metric ledger","operational_indicator","","","","0","true","relationship_or_metric_specific","extension_arctic_melt_pond_fraction","canonical_node_metric_alias","4","resolved","full_campaign_backlog","true","resolved_metric_record","false","not_applicable","resolved_metric_binding","resolved","operational_indicator_metric","0","false","false","","","This record is a bounded operational measurement of its adjacent system, not an independently supported causal phenomenon."
"extension_arctic_sea_ice_concentration","Extension Arctic Sea Ice Concentration","resolved metric ledger","operational_indicator","","","","0","true","relationship_or_metric_specific","extension_arctic_sea_ice_concentration","canonical_node_metric_alias","4","resolved","full_campaign_backlog","true","resolved_metric_record","false","not_applicable","resolved_metric_binding","resolved","operational_indicator_metric","0","false","false","","","This record is a bounded operational measurement of its adjacent system, not an independently supported causal phenomenon."
"extension_arctic_sea_ice_extent","Extension Arctic Sea Ice Extent","resolved metric ledger","operational_indicator","","","","0","true","relationship_or_metric_specific","extension_arctic_sea_ice_extent","canonical_node_metric_alias","4","resolved","full_campaign_backlog","true","resolved_metric_record","false","not_applicable","resolved_metric_binding","resolved","operational_indicator_metric","0","false","false","","","This record is a bounded operational measurement of its adjacent system, not an independently supported causal phenomenon."
"extension_arctic_sea_ice_thickness","Extension Arctic Sea Ice Thickness","resolved metric ledger","operational_indicator","","","","0","true","relationship_or_metric_specific","extension_arctic_sea_ice_thickness","canonical_node_metric_alias","4","resolved","full_campaign_backlog","true","resolved_metric_record","false","not_applicable","resolved_metric_binding","resolved","operational_indicator_metric","0","false","false","","","This record is a bounded operational measurement of its adjacent system, not an independently supported causal phenomenon."
"extension_arctic_surface_albedo","Extension Arctic Surface Albedo","resolved metric ledger","operational_indicator","","","","0","true","relationship_or_metric_specific","extension_arctic_surface_albedo","canonical_node_metric_alias","4","resolved","full_campaign_backlog","true","resolved_metric_record","false","not_applicable","resolved_metric_binding","resolved","operational_indicator_metric","0","false","false","","","This record is a bounded operational measurement of its adjacent system, not an independently supported causal phenomenon."
"extension_bottom_water_salinity_gradient","Extension Bottom Water Salinity Gradient","resolved metric ledger","operational_indicator","","","","0","true","relationship_or_metric_specific","extension_bottom_water_salinity_gradient","canonical_node_metric_alias","4","resolved","full_campaign_backlog","true","resolved_metric_record","false","not_applicable","resolved_metric_binding","resolved","operational_indicator_metric","0","false","false","","","This record is a bounded operational measurement of its adjacent system, not an independently supported causal phenomenon."
"extension_coastal_aquifer_conductivity","Extension Coastal Aquifer Conductivity","resolved metric ledger","operational_indicator","","","","0","true","relationship_or_metric_specific","extension_coastal_aquifer_conductivity","canonical_node_metric_alias","4","resolved","full_campaign_backlog","true","resolved_metric_record","false","not_applicable","resolved_metric_binding","resolved","operational_indicator_metric","0","false","false","","","This record is a bounded operational measurement of its adjacent system, not an independently supported causal phenomenon."
"extension_coastal_bluff_retreat_rate","Extension Coastal Bluff Retreat Rate","resolved metric ledger","operational_indicator","","","","0","true","relationship_or_metric_specific","extension_coastal_bluff_retreat_rate","canonical_node_metric_alias","4","resolved","full_campaign_backlog","true","resolved_metric_record","false","not_applicable","resolved_metric_binding","resolved","operational_indicator_metric","0","false","false","","","This record is a bounded operational measurement of its adjacent system, not an independently supported causal phenomenon."
"extension_coastal_canal_stage","Extension Coastal Canal Stage","resolved metric ledger","operational_indicator","","","","0","true","relationship_or_metric_specific","extension_coastal_canal_stage","canonical_node_metric_alias","4","resolved","full_campaign_backlog","true","resolved_metric_record","false","not_applicable","resolved_metric_binding","resolved","operational_indicator_metric","0","false","false","","","This record is a bounded operational measurement of its adjacent system, not an independently supported causal phenomenon."
"extension_coastal_chlorophyll_concentration","Extension Coastal Chlorophyll Concentration","resolved metric ledger","operational_indicator","","","","0","true","relationship_or_metric_specific","extension_coastal_chlorophyll_concentration","canonical_node_metric_alias","4","resolved","full_campaign_backlog","true","resolved_metric_record","false","not_applicable","resolved_metric_binding","resolved","operational_indicator_metric","0","false","false","","","This record is a bounded operational measurement of its adjacent system, not an independently supported causal phenomenon."
"extension_coastal_dissolved_oxygen_duration","Extension Coastal Dissolved Oxygen Duration","resolved metric ledger","operational_indicator","","","","0","true","relationship_or_metric_specific","extension_coastal_dissolved_oxygen_duration","canonical_node_metric_alias","4","resolved","full_campaign_backlog","true","resolved_metric_record","false","not_applicable","resolved_metric_binding","resolved","operational_indicator_metric","0","false","false","","","This record is a bounded operational measurement of its adjacent system, not an independently supported causal phenomenon."
"extension_coastal_freshwater_recharge_rate","Extension Coastal Freshwater Recharge Rate","resolved metric ledger","operational_indicator","","","","0","true","relationship_or_metric_specific","extension_coastal_freshwater_recharge_rate","canonical_node_metric_alias","4","resolved","full_campaign_backlog","true","resolved_metric_record","false","not_applicable","resolved_metric_binding","resolved","operational_indicator_metric","0","false","false","","","This record is a bounded operational measurement of its adjacent system, not an independently supported causal phenomenon."
"extension_coastal_groundwater_gradient","Extension Coastal Groundwater Gradient","resolved metric ledger","operational_indicator","","","","0","true","relationship_or_metric_specific","extension_coastal_groundwater_gradient","canonical_node_metric_alias","4","resolved","full_campaign_backlog","true","resolved_metric_record","false","not_applicable","resolved_metric_binding","resolved","operational_indicator_metric","0","false","false","","","This record is a bounded operational measurement of its adjacent system, not an independently supported causal phenomenon."
"extension_coastal_mixing_intensity","Extension Coastal Mixing Intensity","resolved metric ledger","operational_indicator","","","","0","true","relationship_or_metric_specific","extension_coastal_mixing_intensity","canonical_node_metric_alias","4","resolved","full_campaign_backlog","true","resolved_metric_record","false","not_applicable","resolved_metric_binding","resolved","operational_indicator_metric","0","false","false","","","This record is a bounded operational measurement of its adjacent system, not an independently supported causal phenomenon."
"extension_coastal_tidal_salinity_range","Extension Coastal Tidal Salinity Range","resolved metric ledger","operational_indicator","","","","0","true","relationship_or_metric_specific","extension_coastal_tidal_salinity_range","canonical_node_metric_alias","4","resolved","full_campaign_backlog","true","resolved_metric_record","false","not_applicable","resolved_metric_binding","resolved","operational_indicator_metric","0","false","false","","","This record is a bounded operational measurement of its adjacent system, not an independently supported causal phenomenon."
"extension_coastal_well_chloride_trend","Extension Coastal Well Chloride Trend","resolved metric ledger","operational_indicator","","","","0","true","relationship_or_metric_specific","extension_coastal_well_chloride_trend","canonical_node_metric_alias","4","resolved","full_campaign_backlog","true","resolved_metric_record","false","not_applicable","resolved_metric_binding","resolved","operational_indicator_metric","0","false","false","","","This record is a bounded operational measurement of its adjacent system, not an independently supported causal phenomenon."
"extension_coastal_well_depth","Extension Coastal Well Depth","resolved metric ledger","operational_indicator","","","","0","true","relationship_or_metric_specific","extension_coastal_well_depth","canonical_node_metric_alias","4","resolved","full_campaign_backlog","true","resolved_metric_record","false","not_applicable","resolved_metric_binding","resolved","operational_indicator_metric","0","false","false","","","This record is a bounded operational measurement of its adjacent system, not an independently supported causal phenomenon."
"extension_estuarine_freshwater_inflow","Extension Estuarine Freshwater Inflow","resolved metric ledger","operational_indicator","","","","0","true","relationship_or_metric_specific","extension_estuarine_freshwater_inflow","canonical_node_metric_alias","4","resolved","full_campaign_backlog","true","resolved_metric_record","false","not_applicable","resolved_metric_binding","resolved","operational_indicator_metric","0","false","false","","","This record is a bounded operational measurement of its adjacent system, not an independently supported causal phenomenon."
"extension_fjord_bedload_flux","Extension Fjord Bedload Flux","resolved metric ledger","operational_indicator","","","","0","true","relationship_or_metric_specific","extension_fjord_bedload_flux","canonical_node_metric_alias","4","resolved","full_campaign_backlog","true","resolved_metric_record","false","not_applicable","resolved_metric_binding","resolved","operational_indicator_metric","0","false","false","","","This record is a bounded operational measurement of its adjacent system, not an independently supported causal phenomenon."
"extension_fjord_delta_slope_angle","Extension Fjord Delta Slope Angle","resolved metric ledger","operational_indicator","","","","0","true","relationship_or_metric_specific","extension_fjord_delta_slope_angle","canonical_node_metric_alias","4","resolved","full_campaign_backlog","true","resolved_metric_record","false","not_applicable","resolved_metric_binding","resolved","operational_indicator_metric","0","false","false","","","This record is a bounded operational measurement of its adjacent system, not an independently supported causal phenomenon."
"extension_fjord_meltwater_plume_depth","Extension Fjord Meltwater Plume Depth","resolved metric ledger","operational_indicator","","","","0","true","relationship_or_metric_specific","extension_fjord_meltwater_plume_depth","canonical_node_metric_alias","4","resolved","full_campaign_backlog","true","resolved_metric_record","false","not_applicable","resolved_metric_binding","resolved","operational_indicator_metric","0","false","false","","","This record is a bounded operational measurement of its adjacent system, not an independently supported causal phenomenon."
"extension_fjord_proglacial_stream_discharge","Extension Fjord Proglacial Stream Discharge","resolved metric ledger","operational_indicator","","","","0","true","relationship_or_metric_specific","extension_fjord_proglacial_stream_discharge","canonical_node_metric_alias","4","resolved","full_campaign_backlog","true","resolved_metric_record","false","not_applicable","resolved_metric_binding","resolved","operational_indicator_metric","0","false","false","","","This record is a bounded operational measurement of its adjacent system, not an independently supported causal phenomenon."
"extension_fjord_seafloor_sediment_thickness","Extension Fjord Seafloor Sediment Thickness","resolved metric ledger","operational_indicator","","","","0","true","relationship_or_metric_specific","extension_fjord_seafloor_sediment_thickness","canonical_node_metric_alias","4","resolved","full_campaign_backlog","true","resolved_metric_record","false","not_applicable","resolved_metric_binding","resolved","operational_indicator_metric","0","false","false","","","This record is a bounded operational measurement of its adjacent system, not an independently supported causal phenomenon."
"extension_fjord_sediment_grain_size","Extension Fjord Sediment Grain Size","resolved metric ledger","operational_indicator","","","","0","true","relationship_or_metric_specific","extension_fjord_sediment_grain_size","canonical_node_metric_alias","4","resolved","full_campaign_backlog","true","resolved_metric_record","false","not_applicable","resolved_metric_binding","resolved","operational_indicator_metric","0","false","false","","","This record is a bounded operational measurement of its adjacent system, not an independently supported causal phenomenon."
"extension_fjord_suspended_sediment_flux","Extension Fjord Suspended Sediment Flux","resolved metric ledger","operational_indicator","","","","0","true","relationship_or_metric_specific","extension_fjord_suspended_sediment_flux","canonical_node_metric_alias","4","resolved","full_campaign_backlog","true","resolved_metric_record","false","not_applicable","resolved_metric_binding","resolved","operational_indicator_metric","0","false","false","","","This record is a bounded operational measurement of its adjacent system, not an independently supported causal phenomenon."
"extension_inland_boom_deployment_status","Extension Inland Boom Deployment Status","resolved metric ledger","operational_indicator","","","","0","true","relationship_or_metric_specific","extension_inland_boom_deployment_status","canonical_node_metric_alias","4","resolved","full_campaign_backlog","true","resolved_metric_record","false","not_applicable","resolved_metric_binding","resolved","operational_indicator_metric","0","false","false","","","This record is a bounded operational measurement of its adjacent system, not an independently supported causal phenomenon."
"extension_inland_downstream_intake_proximity","Extension Inland Downstream Intake Proximity","resolved metric ledger","operational_indicator","","","","0","true","relationship_or_metric_specific","extension_inland_downstream_intake_proximity","canonical_node_metric_alias","4","resolved","full_campaign_backlog","true","resolved_metric_record","false","not_applicable","resolved_metric_binding","resolved","operational_indicator_metric","0","false","false","","","This record is a bounded operational measurement of its adjacent system, not an independently supported causal phenomenon."
"extension_inland_fuel_tank_integrity","Extension Inland Fuel Tank Integrity","resolved metric ledger","operational_indicator","","","","0","true","relationship_or_metric_specific","extension_inland_fuel_tank_integrity","canonical_node_metric_alias","4","resolved","full_campaign_backlog","true","resolved_metric_record","false","not_applicable","resolved_metric_binding","resolved","operational_indicator_metric","0","false","false","","","This record is a bounded operational measurement of its adjacent system, not an independently supported causal phenomenon."
"extension_inland_shoreline_containment_coverage","Extension Inland Shoreline Containment Coverage","resolved metric ledger","operational_indicator","","","","0","true","relationship_or_metric_specific","extension_inland_shoreline_containment_coverage","canonical_node_metric_alias","4","resolved","full_campaign_backlog","true","resolved_metric_record","false","not_applicable","resolved_metric_binding","resolved","operational_indicator_metric","0","false","false","","","This record is a bounded operational measurement of its adjacent system, not an independently supported causal phenomenon."
"extension_inland_spill_detection_time","Extension Inland Spill Detection Time","resolved metric ledger","operational_indicator","","","","0","true","relationship_or_metric_specific","extension_inland_spill_detection_time","canonical_node_metric_alias","4","resolved","full_campaign_backlog","true","resolved_metric_record","false","not_applicable","resolved_metric_binding","resolved","operational_indicator_metric","0","false","false","","","This record is a bounded operational measurement of its adjacent system, not an independently supported causal phenomenon."
"extension_inland_spill_source_confirmation","Extension Inland Spill Source Confirmation","resolved metric ledger","operational_indicator","","","","0","true","relationship_or_metric_specific","extension_inland_spill_source_confirmation","canonical_node_metric_alias","4","resolved","full_campaign_backlog","true","resolved_metric_record","false","not_applicable","resolved_metric_binding","resolved","operational_indicator_metric","0","false","false","","","This record is a bounded operational measurement of its adjacent system, not an independently supported causal phenomenon."
"extension_inland_transfer_hose_integrity","Extension Inland Transfer Hose Integrity","resolved metric ledger","operational_indicator","","","","0","true","relationship_or_metric_specific","extension_inland_transfer_hose_integrity","canonical_node_metric_alias","4","resolved","full_campaign_backlog","true","resolved_metric_record","false","not_applicable","resolved_metric_binding","resolved","operational_indicator_metric","0","false","false","","","This record is a bounded operational measurement of its adjacent system, not an independently supported causal phenomenon."
"extension_nutrient_load_timing","Extension Nutrient Load Timing","resolved metric ledger","operational_indicator","","","","0","true","relationship_or_metric_specific","extension_nutrient_load_timing","canonical_node_metric_alias","4","resolved","full_campaign_backlog","true","resolved_metric_record","false","not_applicable","resolved_metric_binding","resolved","operational_indicator_metric","0","false","false","","","This record is a bounded operational measurement of its adjacent system, not an independently supported causal phenomenon."
"extension_rock_face_freeze_duration","Extension Rock Face Freeze Duration","resolved metric ledger","operational_indicator","","","","0","true","relationship_or_metric_specific","extension_rock_face_freeze_duration","canonical_node_metric_alias","4","resolved","full_campaign_backlog","true","resolved_metric_record","false","not_applicable","resolved_metric_binding","resolved","operational_indicator_metric","0","false","false","","","This record is a bounded operational measurement of its adjacent system, not an independently supported causal phenomenon."
"extension_rock_face_thaw_duration","Extension Rock Face Thaw Duration","resolved metric ledger","operational_indicator","","","","0","true","relationship_or_metric_specific","extension_rock_face_thaw_duration","canonical_node_metric_alias","4","resolved","full_campaign_backlog","true","resolved_metric_record","false","not_applicable","resolved_metric_binding","resolved","operational_indicator_metric","0","false","false","","","This record is a bounded operational measurement of its adjacent system, not an independently supported causal phenomenon."
"extension_rock_fracture_ice_pressure","Extension Rock Fracture Ice Pressure","resolved metric ledger","operational_indicator","","","","0","true","relationship_or_metric_specific","extension_rock_fracture_ice_pressure","canonical_node_metric_alias","4","resolved","full_campaign_backlog","true","resolved_metric_record","false","not_applicable","resolved_metric_binding","resolved","operational_indicator_metric","0","false","false","","","This record is a bounded operational measurement of its adjacent system, not an independently supported causal phenomenon."
"extension_rock_joint_orientation","Extension Rock Joint Orientation","resolved metric ledger","operational_indicator","","","","0","true","relationship_or_metric_specific","extension_rock_joint_orientation","canonical_node_metric_alias","4","resolved","full_campaign_backlog","true","resolved_metric_record","false","not_applicable","resolved_metric_binding","resolved","operational_indicator_metric","0","false","false","","","This record is a bounded operational measurement of its adjacent system, not an independently supported causal phenomenon."
"extension_rock_mass_temperature_lag","Extension Rock Mass Temperature Lag","resolved metric ledger","operational_indicator","","","","0","true","relationship_or_metric_specific","extension_rock_mass_temperature_lag","canonical_node_metric_alias","4","resolved","full_campaign_backlog","true","resolved_metric_record","false","not_applicable","resolved_metric_binding","resolved","operational_indicator_metric","0","false","false","","","This record is a bounded operational measurement of its adjacent system, not an independently supported causal phenomenon."
"extension_rock_slope_rainfall_infiltration","Extension Rock Slope Rainfall Infiltration","resolved metric ledger","operational_indicator","","","","0","true","relationship_or_metric_specific","extension_rock_slope_rainfall_infiltration","canonical_node_metric_alias","4","resolved","full_campaign_backlog","true","resolved_metric_record","false","not_applicable","resolved_metric_binding","resolved","operational_indicator_metric","0","false","false","","","This record is a bounded operational measurement of its adjacent system, not an independently supported causal phenomenon."
"extension_rockfall_release_frequency","Extension Rockfall Release Frequency","resolved metric ledger","operational_indicator","","","","0","true","relationship_or_metric_specific","extension_rockfall_release_frequency","canonical_node_metric_alias","4","resolved","full_campaign_backlog","true","resolved_metric_record","false","not_applicable","resolved_metric_binding","resolved","operational_indicator_metric","0","false","false","","","This record is a bounded operational measurement of its adjacent system, not an independently supported causal phenomenon."
"extension_tundra_grazing_intensity","Extension Tundra Grazing Intensity","resolved metric ledger","operational_indicator","","","","0","true","relationship_or_metric_specific","extension_tundra_grazing_intensity","canonical_node_metric_alias","4","resolved","full_campaign_backlog","true","resolved_metric_record","false","not_applicable","resolved_metric_binding","resolved","operational_indicator_metric","0","false","false","","","This record is a bounded operational measurement of its adjacent system, not an independently supported causal phenomenon."
"extension_tundra_leaf_out_date","Extension Tundra Leaf Out Date","resolved metric ledger","operational_indicator","","","","0","true","relationship_or_metric_specific","extension_tundra_leaf_out_date","canonical_node_metric_alias","4","resolved","full_campaign_backlog","true","resolved_metric_record","false","not_applicable","resolved_metric_binding","resolved","operational_indicator_metric","0","false","false","","","This record is a bounded operational measurement of its adjacent system, not an independently supported causal phenomenon."
"extension_tundra_permafrost_thaw_depth","Extension Tundra Permafrost Thaw Depth","resolved metric ledger","operational_indicator","","","","0","true","relationship_or_metric_specific","extension_tundra_permafrost_thaw_depth","canonical_node_metric_alias","4","resolved","full_campaign_backlog","true","resolved_metric_record","false","not_applicable","resolved_metric_binding","resolved","operational_indicator_metric","0","false","false","","","This record is a bounded operational measurement of its adjacent system, not an independently supported causal phenomenon."
"extension_tundra_senescence_date","Extension Tundra Senescence Date","resolved metric ledger","operational_indicator","","","","0","true","relationship_or_metric_specific","extension_tundra_senescence_date","canonical_node_metric_alias","4","resolved","full_campaign_backlog","true","resolved_metric_record","false","not_applicable","resolved_metric_binding","resolved","operational_indicator_metric","0","false","false","","","This record is a bounded operational measurement of its adjacent system, not an independently supported causal phenomenon."
"extension_tundra_shrub_biomass","Extension Tundra Shrub Biomass","resolved metric ledger","operational_indicator","","","","0","true","relationship_or_metric_specific","extension_tundra_shrub_biomass","canonical_node_metric_alias","4","resolved","full_campaign_backlog","true","resolved_metric_record","false","not_applicable","resolved_metric_binding","resolved","operational_indicator_metric","0","false","false","","","This record is a bounded operational measurement of its adjacent system, not an independently supported causal phenomenon."
"extension_tundra_snow_depth","Extension Tundra Snow Depth","resolved metric ledger","operational_indicator","","","","0","true","relationship_or_metric_specific","extension_tundra_snow_depth","canonical_node_metric_alias","4","resolved","full_campaign_backlog","true","resolved_metric_record","false","not_applicable","resolved_metric_binding","resolved","operational_indicator_metric","0","false","false","","","This record is a bounded operational measurement of its adjacent system, not an independently supported causal phenomenon."
"extension_tundra_soil_temperature","Extension Tundra Soil Temperature","resolved metric ledger","operational_indicator","","","","0","true","relationship_or_metric_specific","extension_tundra_soil_temperature","canonical_node_metric_alias","4","resolved","full_campaign_backlog","true","resolved_metric_record","false","not_applicable","resolved_metric_binding","resolved","operational_indicator_metric","0","false","false","","","This record is a bounded operational measurement of its adjacent system, not an independently supported causal phenomenon."
"extreme_weather_infrastructure_costs","Extreme Weather Infrastructure Costs","resolved metric ledger","operational_indicator","","","","0","true","relationship_or_metric_specific","hazard_attributed_infrastructure_damage_and_disruption_cost","canonical_node_metric_alias","4","resolved","full_campaign_backlog","true","resolved_metric_record","false","not_applicable","resolved_metric_binding","resolved","generated_metric_alias","0","false","false","","","Damage and disruption costs are measured consequences of asset exposure, condition and hazard intensity. Preserve direct and indirect loss accounting on the canonical infrastructure system instead of representing cost as an independent causal phenomenon."
"famine_relief_resource_strains","Famine Relief Resource Strains","resolved metric ledger","operational_indicator","","","","0","true","relationship_or_metric_specific","humanitarian_food_assistance_resource_gap","canonical_node_metric_alias","4","resolved","full_campaign_backlog","true","resolved_metric_record","false","not_applicable","resolved_metric_binding","resolved","generated_metric_alias","0","false","false","","","The generated phrase conflates food-security severity with the operational funding and reach gap. Preserve those measurable dimensions on the canonical humanitarian-resource system and keep IPC famine classification separate."
"fiber_route_outage_risk","Fiber Route Outage Risk","resolved metric ledger","operational_indicator","","","","0","true","relationship_or_metric_specific","fiber_route_outage_and_restoration","canonical_node_metric_alias","4","resolved","full_campaign_backlog","true","resolved_metric_record","false","not_applicable","resolved_metric_binding","resolved","generated_metric_alias","0","false","false","","","The label combines an observed outage with a modeled future risk. Preserve incidents, causes, service impact and restoration separately on the canonical backbone."
"flame_retardant_runoff","Flame Retardant Runoff","resolved metric ledger","operational_indicator","","","","0","true","relationship_or_metric_specific","flame_retardant_compound_in_stormwater","research_track_metric_without_canonical_node","4","resolved","full_campaign_backlog","true","resolved_metric_record","false","not_applicable","resolved_metric_binding","resolved","generated_metric_alias","0","false","false","","","The label combines many compounds, product sources, transport routes, and effects, and no suitable canonical contaminant node exists. Retain a compound-specific stormwater contract in the research ledger and remove the unsupported causal node."
"flood_irrigation_evaporation","Flood Irrigation Evaporation","resolved metric ledger","operational_indicator","","","","0","true","relationship_or_metric_specific","surface_irrigation_evaporative_loss","canonical_node_metric_alias","4","resolved","full_campaign_backlog","true","resolved_metric_record","false","not_applicable","resolved_metric_binding","resolved","generated_metric_alias","0","false","false","","","Non-beneficial evaporation is one field water-balance term, not a separate causal system. Preserve it with runoff, deep percolation, storage, and crop use."
"flooded_drinking_water_source_exposure","Flooded Drinking Water Source Exposure","resolved metric ledger","authored_root_driver_metric","","","","0","true","relationship_or_metric_specific","flood_affected_drinking_water_sources","target_mechanism_metric","4","resolved","full_campaign_backlog","true","resolved_metric_record","false","not_applicable","resolved_metric_binding","resolved","root_driver_metric","0","false","false","","","Resolved as a bounded measurement on a canonical graph node."
"flooded_rice_cultivation","Flooded Rice Cultivation","resolved metric ledger","authored_root_driver_metric","","","","0","true","relationship_or_metric_specific","flooded_rice_area_and_duration","target_mechanism_metric","4","resolved","full_campaign_backlog","true","resolved_metric_record","false","not_applicable","resolved_metric_binding","resolved","root_driver_metric","0","false","false","","","Resolved as a bounded measurement on a canonical graph node."
"fluorinated_gas_exhaust","Fluorinated Gas Exhaust","resolved metric ledger","operational_indicator","","","","0","true","relationship_or_metric_specific","fluorinated_greenhouse_gas_emission","canonical_node_metric_alias","4","resolved","full_campaign_backlog","true","resolved_metric_record","false","not_applicable","resolved_metric_binding","resolved","generated_metric_alias","0","false","false","","","The label combines multiple gases, sources and reporting units. Preserve species-specific mass and CO2-equivalent values on the canonical emissions system."
"forest_bark_beetle_outbreak_pressure","Forest Bark Beetle Outbreak Pressure","resolved metric ledger","authored_root_driver_metric","","","","0","true","relationship_or_metric_specific","forest_bark_beetle_attack_pressure","target_mechanism_metric","4","resolved","full_campaign_backlog","true","resolved_metric_record","false","not_applicable","resolved_metric_binding","resolved","root_driver_metric","0","false","false","","","Resolved as a bounded measurement on a canonical graph node."
"forest_extreme_heat_exposure","Forest Extreme Heat Exposure","resolved metric ledger","authored_root_driver_metric","","","","0","true","relationship_or_metric_specific","forest_extreme_heat_exposure","target_mechanism_metric","4","resolved","full_campaign_backlog","true","resolved_metric_record","false","not_applicable","resolved_metric_binding","resolved","root_driver_metric","0","false","false","","","Resolved as a bounded measurement on a canonical graph node."
"forest_fragmentation_edge_stress","Forest Fragmentation Edge Stress","resolved metric ledger","authored_root_driver_metric","","","","0","true","relationship_or_metric_specific","forest_fragmentation_edge_exposure","target_mechanism_metric","4","resolved","full_campaign_backlog","true","resolved_metric_record","false","not_applicable","resolved_metric_binding","resolved","root_driver_metric","0","false","false","","","Resolved as a bounded measurement on a canonical graph node."
"forest_high_severity_fire_injury","Forest High Severity Fire Injury","resolved metric ledger","authored_root_driver_metric","","","","0","true","relationship_or_metric_specific","forest_fire_injury","target_mechanism_metric","4","resolved","full_campaign_backlog","true","resolved_metric_record","false","not_applicable","resolved_metric_binding","resolved","root_driver_metric","0","false","false","","","Resolved as a bounded measurement on a canonical graph node."
"forest_invasive_pest_pressure","Forest Invasive Pest Pressure","resolved metric ledger","authored_root_driver_metric","","","","0","true","relationship_or_metric_specific","forest_invasive_pest_pressure","target_mechanism_metric","4","resolved","full_campaign_backlog","true","resolved_metric_record","false","not_applicable","resolved_metric_binding","resolved","root_driver_metric","0","false","false","","","Resolved as a bounded measurement on a canonical graph node."
"forest_multiyear_moisture_deficit","Forest Multiyear Moisture Deficit","resolved metric ledger","authored_root_driver_metric","","","","0","true","relationship_or_metric_specific","forest_climatic_water_deficit","target_mechanism_metric","4","resolved","full_campaign_backlog","true","resolved_metric_record","false","not_applicable","resolved_metric_binding","resolved","root_driver_metric","0","false","false","","","Resolved as a bounded measurement on a canonical graph node."
"forest_overdense_stand_condition","Forest Overdense Stand Condition","resolved metric ledger","authored_root_driver_metric","","","","0","true","relationship_or_metric_specific","forest_stand_density_competition","target_mechanism_metric","4","resolved","full_campaign_backlog","true","resolved_metric_record","false","not_applicable","resolved_metric_binding","resolved","root_driver_metric","0","false","false","","","Resolved as a bounded measurement on a canonical graph node."
"forest_pathogen_disease_pressure","Forest Pathogen Disease Pressure","resolved metric ledger","authored_root_driver_metric","","","","0","true","relationship_or_metric_specific","forest_pathogen_disease_severity","target_mechanism_metric","4","resolved","full_campaign_backlog","true","resolved_metric_record","false","not_applicable","resolved_metric_binding","resolved","root_driver_metric","0","false","false","","","Resolved as a bounded measurement on a canonical graph node."
"fossil_fuel_pipeline_protests","Fossil Fuel Pipeline Protests","resolved metric ledger","operational_indicator","","","","0","true","relationship_or_metric_specific","pipeline_related_protest_event_record","research_track_metric_without_canonical_node","4","resolved","full_campaign_backlog","true","resolved_metric_record","false","not_applicable","resolved_metric_binding","resolved","generated_metric_alias","0","false","false","","","A protest is a coded sociopolitical event, not an environmental phenomenon or a deterministic effect of emissions. Preserve event-level evidence as a bounded research metric without forcing it into the causal sphere."
"fossil_gas_compressor_output","Fossil Gas Compressor Output","resolved metric ledger","operational_indicator","","","","0","true","relationship_or_metric_specific","natural_gas_compressor_methane_emission","canonical_node_metric_alias","4","resolved","full_campaign_backlog","true","resolved_metric_record","false","not_applicable","resolved_metric_binding","resolved","generated_metric_alias","0","false","false","","","Compressor exhaust, vents and component leaks are source-specific measurements of the gas system. Preserve them separately on the canonical methane pathway."
"fracking_produced_water_volume","Fracking Produced Water Volume","resolved metric ledger","authored_root_driver_metric","","","","0","true","relationship_or_metric_specific","fracking_produced_water_volume","target_mechanism_metric","4","resolved","full_campaign_backlog","true","resolved_metric_record","false","not_applicable","resolved_metric_binding","resolved","root_driver_metric","0","false","false","","","Resolved as a bounded measurement on a canonical graph node."
"fracking_wastewater_containment_failure","Fracking Wastewater Containment Failure","resolved metric ledger","authored_root_driver_metric","","","","0","true","relationship_or_metric_specific","fracking_wastewater_containment_failure","target_mechanism_metric","4","resolved","full_campaign_backlog","true","resolved_metric_record","false","not_applicable","resolved_metric_binding","resolved","root_driver_metric","0","false","false","","","Resolved as a bounded measurement on a canonical graph node."
"fracking_wastewater_transfer_spill","Fracking Wastewater Transfer Spill","resolved metric ledger","authored_root_driver_metric","","","","0","true","relationship_or_metric_specific","fracking_wastewater_transfer_spill","target_mechanism_metric","4","resolved","full_campaign_backlog","true","resolved_metric_record","false","not_applicable","resolved_metric_binding","resolved","root_driver_metric","0","false","false","","","Resolved as a bounded measurement on a canonical graph node."
"fracking_wastewater_treatment_discharge_gap","Fracking Wastewater Treatment Discharge Gap","resolved metric ledger","authored_root_driver_metric","","","","0","true","relationship_or_metric_specific","fracking_wastewater_treatment_discharge_gap","target_mechanism_metric","4","resolved","full_campaign_backlog","true","resolved_metric_record","false","not_applicable","resolved_metric_binding","resolved","root_driver_metric","0","false","false","","","Resolved as a bounded measurement on a canonical graph node."
"freeway_acoustic_walls_deficit","Freeway Acoustic Walls Deficit","resolved metric ledger","operational_indicator","","","","0","true","relationship_or_metric_specific","highway_noise_exposure_and_barrier_abatement","canonical_node_metric_alias","4","resolved","full_campaign_backlog","true","resolved_metric_record","false","not_applicable","resolved_metric_binding","resolved","generated_metric_alias","0","false","false","","","A missing wall is not itself exposure or harm. Preserve receptor-level noise and modeled barrier effectiveness on the canonical road-mobility system."
"frost_heave_soil_anomalies","Frost Heave Soil Anomalies","resolved metric ledger","operational_indicator","","","","0","true","relationship_or_metric_specific","frost_heave_displacement","canonical_node_metric_alias","4","resolved","full_campaign_backlog","true","resolved_metric_record","false","not_applicable","resolved_metric_binding","resolved","generated_metric_alias","0","false","false","","","Frost heave is a measured freeze-thaw displacement and can occur outside permafrost. Preserve it as frozen-ground context with an explicit prohibition on treating it as proof of thaw."
"fugitive_dust_from_dirt_roads","Fugitive Dust From Dirt Roads","resolved metric ledger","operational_indicator","","","","0","true","relationship_or_metric_specific","unpaved_road_fugitive_particulate_emission","canonical_node_metric_alias","4","resolved","full_campaign_backlog","true","resolved_metric_record","false","not_applicable","resolved_metric_binding","resolved","generated_metric_alias","0","false","false","","","This is a source-specific particulate inventory and receptor measurement; retain particle size and dispersion on the canonical particulate system."
"fugitive_dust_plumes","Fugitive Dust Plumes","resolved metric ledger","operational_indicator","","","","0","true","relationship_or_metric_specific","fugitive_particulate_emission_and_ambient_increment","canonical_node_metric_alias","4","resolved","full_campaign_backlog","true","resolved_metric_record","false","not_applicable","resolved_metric_binding","resolved","generated_metric_alias","0","false","false","","","A plume is an event observation or emissions-inventory surface. Preserve size-resolved dust emissions and receptor increments on the particulate system instead of presenting a separate unsupported phenomenon."
"gas_pipeline_leak_points","Gas Pipeline Leak Points","resolved metric ledger","operational_indicator","","","","0","true","relationship_or_metric_specific","natural_gas_pipeline_leak_observation","canonical_node_metric_alias","4","resolved","full_campaign_backlog","true","resolved_metric_record","false","not_applicable","resolved_metric_binding","resolved","generated_metric_alias","0","false","false","","","A detected leak point is an asset observation, not an independently acting system. Preserve grade, rate, coverage and repair status on the canonical methane pathway."
"genetically_modified_pollen_drift","Genetically Modified Pollen Drift","resolved metric ledger","operational_indicator","","","","0","true","relationship_or_metric_specific","engineered_trait_gene_flow_observation","research_track_metric_without_canonical_node","4","resolved","full_campaign_backlog","true","resolved_metric_record","false","not_applicable","resolved_metric_binding","resolved","generated_metric_alias","0","false","false","","","Pollen-mediated gene flow is crop-, trait-, receptor-, distance-, and season-specific. Preserve the observation contract without implying that movement alone is ecological harm or a cause of pollinator decline."
"geothermal_gas_outflow","Geothermal Gas Outflow","resolved metric ledger","operational_indicator","","","","0","true","relationship_or_metric_specific","geothermal_noncondensable_gas_emission","canonical_node_metric_alias","4","resolved","full_campaign_backlog","true","resolved_metric_record","false","not_applicable","resolved_metric_binding","resolved","generated_metric_alias","0","false","false","","","Non-condensable gases are plant- and reservoir-specific operating measurements. Preserve species and technology on the canonical emissions system without treating all geothermal plants alike."
"glacial_meltwater_acidification","Glacial Meltwater Acidification","resolved metric ledger","operational_indicator","","","","0","true","relationship_or_metric_specific","glacial_meltwater_acid_base_chemistry","research_track_metric_without_canonical_node","4","resolved","full_campaign_backlog","true","resolved_metric_record","false","not_applicable","resolved_metric_binding","resolved","generated_metric_alias","0","false","false","","","Field evidence supports site-specific meltwater chemistry, not a general acidifying direction or an honest merger with marine acidification. Retain pH, alkalinity, ions, geology and mixing as a bounded research metric and remove the unsupported causal node."
"glass_furnace_combustion_sinks","Glass Furnace Combustion Sinks","resolved metric ledger","operational_indicator","","","","0","true","relationship_or_metric_specific","glass_furnace_greenhouse_gas_emission","canonical_node_metric_alias","4","resolved","full_campaign_backlog","true","resolved_metric_record","false","not_applicable","resolved_metric_binding","resolved","generated_metric_alias","0","false","false","","","The sink wording is incorrect. Preserve process and combustion gases as a bounded industrial source measurement on the canonical emissions system."
"global_dimming_factor","Global Dimming Factor","resolved metric ledger","operational_indicator","","","","0","true","relationship_or_metric_specific","surface_solar_radiation_trend","canonical_node_metric_alias","4","resolved","full_campaign_backlog","true","resolved_metric_record","false","not_applicable","resolved_metric_binding","resolved","generated_metric_alias","0","false","false","","","The generated factor label collapses an observed surface-radiation trend and its uncertain attribution. Preserve the measurement on the canonical aerosol-radiative system and keep clouds and other influences explicit."
"gpu_training_cluster","Gpu Training Cluster","resolved metric ledger","operational_indicator","","","","0","true","relationship_or_metric_specific","ai_training_cluster_compute_and_energy","canonical_node_metric_alias","4","resolved","full_campaign_backlog","true","resolved_metric_record","false","not_applicable","resolved_metric_binding","resolved","generated_metric_alias","0","false","false","","","A training cluster is compute infrastructure and a measurement boundary. Preserve accelerator use and allocated energy on the canonical AI-compute system."
"grassland_soil_carbon_losses","Grassland Soil Carbon Losses","resolved metric ledger","operational_indicator","","","","0","true","relationship_or_metric_specific","grassland_soil_organic_carbon_stock_change","canonical_node_metric_alias","4","resolved","full_campaign_backlog","true","resolved_metric_record","false","not_applicable","resolved_metric_binding","resolved","generated_metric_alias","0","false","false","","","Grassland soil-carbon stock change is a land-use-specific observation of soil-organic-matter condition, not a separate causal phenomenon by itself."
"grid_permitting_delays","Grid Permitting Delays","resolved metric ledger","operational_indicator","","","","0","true","relationship_or_metric_specific","transmission_project_permitting_and_interconnection_delay","canonical_node_metric_alias","4","resolved","full_campaign_backlog","true","resolved_metric_record","false","not_applicable","resolved_metric_binding","resolved","generated_metric_alias","0","false","false","","","Milestone duration and disposition are project-delivery measurements within the wider transmission buildout system."
"grid_substation_thermal_strain","Grid Substation Thermal Strain","resolved metric ledger","operational_indicator","","","","0","true","relationship_or_metric_specific","substation_asset_thermal_loading_and_condition","canonical_node_metric_alias","4","resolved","full_campaign_backlog","true","resolved_metric_record","false","not_applicable","resolved_metric_binding","resolved","generated_metric_alias","0","false","false","","","Asset temperature, loading, alarms, and derating are operating measurements within the canonical thermal-failure system."
"ground_level_ozone_triggers","Ground Level Ozone Triggers","resolved metric ledger","operational_indicator","","","","0","true","relationship_or_metric_specific","ozone_precursor_and_meteorology_observation","canonical_node_metric_alias","4","resolved","full_campaign_backlog","true","resolved_metric_record","false","not_applicable","resolved_metric_binding","resolved","generated_metric_alias","0","false","false","","","The informal trigger wording denotes precursor and meteorological observations used to interpret formation, not an independent pollutant phenomenon."
"haze_density_index","Haze Density Index","resolved metric ledger","operational_indicator","","","","0","true","relationship_or_metric_specific","visibility_impairment_and_light_extinction","canonical_node_metric_alias","4","resolved","full_campaign_backlog","true","resolved_metric_record","false","not_applicable","resolved_metric_binding","resolved","generated_metric_alias","0","false","false","","","This is an optical air-quality observation rather than a causal phenomenon. Retain it as a visibility metric on the particulate system while prohibiting conversion to particle mass without composition and humidity context."
"health_system_climate_resilience_gap","Health System Climate Resilience Gap","resolved metric ledger","operational_indicator","","","","0","true","relationship_or_metric_specific","health_facility_climate_readiness_gap","canonical_node_metric_alias","4","resolved","full_campaign_backlog","true","resolved_metric_record","false","not_applicable","resolved_metric_binding","resolved","generated_metric_alias","0","false","false","","","Readiness gaps are capability measurements of essential infrastructure and should remain disaggregated by hazard and service."
"healthcare_cooling_dependence","Healthcare Cooling Dependence","resolved metric ledger","operational_indicator","","","","0","true","relationship_or_metric_specific","healthcare_cooling_service_dependency","canonical_node_metric_alias","4","resolved","full_campaign_backlog","true","resolved_metric_record","false","not_applicable","resolved_metric_binding","resolved","generated_metric_alias","0","false","false","","","Cooling dependency is a facility and clinical-service attribute, not an independently acting climate phenomenon."
"heavy_fuel_oil_combustion","Heavy Fuel Oil Combustion","resolved metric ledger","operational_indicator","","","","0","true","relationship_or_metric_specific","marine_fuel_oil_combustion_emission","canonical_node_metric_alias","4","resolved","full_campaign_backlog","true","resolved_metric_record","false","not_applicable","resolved_metric_binding","resolved","generated_metric_alias","0","false","false","","","Fuel combustion is an operating measurement within marine transport. Preserve fuel, sulphur, engine, location and pollutant data on the canonical shipping system."
"heavy_truck_diesel_exhaust","Heavy Truck Diesel Exhaust","resolved metric ledger","operational_indicator","","","","0","true","relationship_or_metric_specific","heavy_duty_diesel_tailpipe_emission","canonical_node_metric_alias","4","resolved","full_campaign_backlog","true","resolved_metric_record","false","not_applicable","resolved_metric_binding","resolved","generated_metric_alias","0","false","false","","","Tailpipe output is an operational measurement of the diesel freight system and should not be duplicated as a separate low-degree phenomenon."
"high_latitude_runoff_influx","High Latitude Runoff Influx","resolved metric ledger","operational_indicator","","","","0","true","relationship_or_metric_specific","arctic_river_discharge_anomaly","canonical_node_metric_alias","4","resolved","full_campaign_backlog","true","resolved_metric_record","false","not_applicable","resolved_metric_binding","resolved","generated_metric_alias","0","false","false","","","Arctic discharge magnitude and timing are regional river-flow measurements. Preserve the named gauge set and baseline on the canonical flow-regime system."
"highway_wildlife_crossings_deficit","Highway Wildlife Crossings Deficit","resolved metric ledger","operational_indicator","","","","0","true","relationship_or_metric_specific","road_wildlife_crossing_and_connectivity_gap","canonical_node_metric_alias","4","resolved","full_campaign_backlog","true","resolved_metric_record","false","not_applicable","resolved_metric_binding","resolved","generated_metric_alias","0","false","false","","","Crossing provision, passage, collisions, and connectivity are road-specific measurements within the canonical habitat-corridor system."
"hillside_cropland_terracing_failure","Hillside Cropland Terracing Failure","resolved metric ledger","operational_indicator","","","","0","true","relationship_or_metric_specific","cropland_terrace_condition_and_breach","canonical_node_metric_alias","4","resolved","full_campaign_backlog","true","resolved_metric_record","false","not_applicable","resolved_metric_binding","resolved","generated_metric_alias","0","false","false","","","Terrace condition and breach are conservation-practice measurements within the erosion-control system, not a separate environmental outcome."
"horticulture_peat_extraction","Horticulture Peat Extraction","resolved metric ledger","operational_indicator","","","","0","true","relationship_or_metric_specific","horticultural_peat_extraction_volume_and_area","canonical_node_metric_alias","4","resolved","full_campaign_backlog","true","resolved_metric_record","false","not_applicable","resolved_metric_binding","resolved","generated_metric_alias","0","false","false","","","Horticultural extraction is a sector-specific pressure and inventory measurement within peatland degradation, not a duplicate ecosystem outcome."
"hydro_hegemony_river_tensions","Hydro Hegemony River Tensions","resolved metric ledger","operational_indicator","","","","0","true","relationship_or_metric_specific","transboundary_river_allocation_and_dispute_record","canonical_node_metric_alias","4","resolved","full_campaign_backlog","true","resolved_metric_record","false","not_applicable","resolved_metric_binding","resolved","generated_metric_alias","0","false","false","","","Allocation, cooperation, and dispute records are basin-governance measurements; upstream power and scarcity do not by themselves establish conflict."
"hydroelectric_reservoir_silt","Hydroelectric Reservoir Silt","resolved metric ledger","operational_indicator","","","","0","true","relationship_or_metric_specific","hydropower_reservoir_sedimentation_capacity_loss","canonical_node_metric_alias","4","resolved","full_campaign_backlog","true","resolved_metric_record","false","not_applicable","resolved_metric_binding","resolved","generated_metric_alias","0","false","false","","","The label denotes deposited sediment and the resulting usable-capacity loss at a hydropower reservoir. Those are measurements within the canonical reservoir-storage system, not a separate phenomenon caused by an operating shortfall."
"hydrofluorocarbon_output","Hydrofluorocarbon Output","resolved metric ledger","operational_indicator","","","","0","true","relationship_or_metric_specific","hydrofluorocarbon_species_emission_and_abundance","canonical_node_metric_alias","4","resolved","full_campaign_backlog","true","resolved_metric_record","false","not_applicable","resolved_metric_binding","resolved","generated_metric_alias","0","false","false","","","The generated label combines gases, emissions and atmospheric abundance. Preserve species-specific mass, CO2-equivalent and concentration as separate measurements on the canonical emissions system."
"hydrogen_extraction_coal_reform","Hydrogen Extraction Coal Reform","resolved metric ledger","operational_indicator","","","","0","true","relationship_or_metric_specific","coal_based_hydrogen_production_and_emissions","canonical_node_metric_alias","4","resolved","full_campaign_backlog","true","resolved_metric_record","false","not_applicable","resolved_metric_binding","resolved","generated_metric_alias","0","false","false","","","Coal-based process output and emissions are production-route metrics within the canonical fossil-hydrogen pathway."
"ice_rich_coastal_bluff_exposure","Ice Rich Coastal Bluff Exposure","resolved metric ledger","authored_root_driver_metric","","","","0","true","relationship_or_metric_specific","ice_rich_coastal_bluff_exposure","target_mechanism_metric","4","resolved","full_campaign_backlog","true","resolved_metric_record","false","not_applicable","resolved_metric_binding","resolved","root_driver_metric","0","false","false","","","Resolved as a bounded measurement on a canonical graph node."
"ice_sheet_thinning_speeds","Ice Sheet Thinning Speeds","resolved metric ledger","operational_indicator","","","","0","true","relationship_or_metric_specific","ice_sheet_surface_elevation_change_rate","canonical_node_metric_alias","4","resolved","full_campaign_backlog","true","resolved_metric_record","false","not_applicable","resolved_metric_binding","resolved","generated_metric_alias","0","false","false","","","Altimetry-derived thinning is an observation dimension used to assess the canonical ice-sheet mass-change system, not a separate causal phenomenon."
"illegal_wildlife_poaching","Illegal Wildlife Poaching","resolved metric ledger","operational_indicator","","","","0","true","relationship_or_metric_specific","illegal_wildlife_take_and_trafficking_record","canonical_node_metric_alias","4","resolved","full_campaign_backlog","true","resolved_metric_record","false","not_applicable","resolved_metric_binding","resolved","generated_metric_alias","0","false","false","","","Illegal take is a human pressure, while seizures and enforcement records are biased measurements rather than a complete causal system. Preserve taxon-specific incidents on the canonical biodiversity-condition system."
"industrial_boiler_ash_sites","Industrial Boiler Ash Sites","resolved metric ledger","operational_indicator","","","","0","true","relationship_or_metric_specific","industrial_boiler_ash_material_flow","canonical_node_metric_alias","4","resolved","full_campaign_backlog","true","resolved_metric_record","false","not_applicable","resolved_metric_binding","resolved","generated_metric_alias","0","false","false","","","An ash site is a storage or disposal object, not a causal phenomenon. Preserve residual mass, type, fuel, reuse and site condition on the canonical material system."
"industrial_feedlot_feed_conveyors","Industrial Feedlot Feed Conveyors","resolved metric ledger","operational_indicator","","","","0","true","relationship_or_metric_specific","confined_feeding_system_throughput","canonical_node_metric_alias","4","resolved","full_campaign_backlog","true","resolved_metric_record","false","not_applicable","resolved_metric_binding","resolved","generated_metric_alias","0","false","false","","","Feed-handling equipment is infrastructure. Preserve measured throughput and facility boundary on the canonical confined-production system."
"industrial_flaring_outflow","Industrial Flaring Outflow","resolved metric ledger","operational_indicator","","","","0","true","relationship_or_metric_specific","industrial_gas_flaring_volume_and_intensity","canonical_node_metric_alias","4","resolved","full_campaign_backlog","true","resolved_metric_record","false","not_applicable","resolved_metric_binding","resolved","generated_metric_alias","0","false","false","","","The label denotes a measured operating activity and satellite-derived volume, not a separate environmental phenomenon. Preserve volume and intensity on the canonical flaring pathway while keeping methane leakage and combustion products as distinct measurements."
"industrial_leather_tanning_acids","Industrial Leather Tanning Acids","resolved metric ledger","operational_indicator","","","","0","true","relationship_or_metric_specific","leather_tanning_effluent_acidity_and_load","canonical_node_metric_alias","4","resolved","full_campaign_backlog","true","resolved_metric_record","false","not_applicable","resolved_metric_binding","resolved","generated_metric_alias","0","false","false","","","The generated phrase conflates chemical use with effluent; preserve analyte-specific discharge and permit measurements on the water-pollution system."
"industrial_solvent_vapors","Industrial Solvent Vapors","resolved metric ledger","operational_indicator","","","","0","true","relationship_or_metric_specific","industrial_voc_species_emission_and_concentration","canonical_node_metric_alias","4","resolved","full_campaign_backlog","true","resolved_metric_record","false","not_applicable","resolved_metric_binding","resolved","generated_metric_alias","0","false","false","","","Compound-resolved emissions and concentrations belong on the canonical organic-gas system; vapors is too broad to define a separate node."
"insulating_snow_cover","Insulating Snow Cover","resolved metric ledger","authored_root_driver_metric","","","","0","true","relationship_or_metric_specific","snow_insulation","target_mechanism_metric","4","resolved","full_campaign_backlog","true","resolved_metric_record","false","not_applicable","resolved_metric_binding","resolved","root_driver_metric","0","false","false","","","Resolved as a bounded measurement on a canonical graph node."
"intensive_soil_tillage_disturbance","Intensive Soil Tillage Disturbance","resolved metric ledger","authored_root_driver_metric","","","","0","true","relationship_or_metric_specific","soil_tillage_disturbance","target_mechanism_metric","4","resolved","full_campaign_backlog","true","resolved_metric_record","false","not_applicable","resolved_metric_binding","resolved","root_driver_metric","0","false","false","","","Resolved as a bounded measurement on a canonical graph node."
"internet_exchange_load","Internet Exchange Load","resolved metric ledger","operational_indicator","","","","0","true","relationship_or_metric_specific","internet_exchange_traffic_throughput","canonical_node_metric_alias","4","resolved","full_campaign_backlog","true","resolved_metric_record","false","not_applicable","resolved_metric_binding","resolved","generated_metric_alias","0","false","false","","","Traffic load is an observed operating variable of an exchange point, not a separate causal phenomenon."
"invasive_seaweed_blooms","Invasive Seaweed Blooms","resolved metric ledger","operational_indicator","","","","0","true","relationship_or_metric_specific","invasive_marine_macroalgae_extent_and_abundance","canonical_node_metric_alias","4","resolved","full_campaign_backlog","true","resolved_metric_record","false","not_applicable","resolved_metric_binding","resolved","generated_metric_alias","0","false","false","","","This is a taxon- and habitat-specific observation within the canonical biological-invasion system. Preserve verified occurrence, cover, spread, vector, and community impact without treating every seasonal seaweed increase as an invasive bloom."
"invertebrate_biomass_crash","Invertebrate Biomass Crash","resolved metric ledger","operational_indicator","","","","0","true","relationship_or_metric_specific","invertebrate_biomass_change","canonical_node_metric_alias","4","resolved","full_campaign_backlog","true","resolved_metric_record","false","not_applicable","resolved_metric_binding","resolved","generated_metric_alias","0","false","false","","","The broad label lacks a taxonomic, habitat, method, and trend boundary. Preserve standardized biomass observations on the canonical biodiversity-condition system."
"keystone_species_deficits","Keystone Species Deficits","resolved metric ledger","operational_indicator","","","","0","true","relationship_or_metric_specific","keystone_taxon_abundance_and_function","canonical_node_metric_alias","4","resolved","full_campaign_backlog","true","resolved_metric_record","false","not_applicable","resolved_metric_binding","resolved","generated_metric_alias","0","false","false","","","Keystone status requires disproportionate functional evidence and cannot be inferred from rarity or decline. Preserve taxon-specific abundance and function on the canonical biodiversity-condition system."
"lake_beneath_permafrost_heat","Lake Beneath Permafrost Heat","resolved metric ledger","authored_root_driver_metric","","","","0","true","relationship_or_metric_specific","lake_talik_thermal_setting","target_mechanism_metric","4","resolved","full_campaign_backlog","true","resolved_metric_record","false","not_applicable","resolved_metric_binding","resolved","root_driver_metric","0","false","false","","","Resolved as a bounded measurement on a canonical graph node."
"land_ocean_warming_contrast","Land Ocean Warming Contrast","resolved metric ledger","operational_indicator","","","","0","true","relationship_or_metric_specific","land_minus_ocean_temperature_anomaly_contrast","canonical_node_metric_alias","4","resolved","full_campaign_backlog","true","resolved_metric_record","false","not_applicable","resolved_metric_binding","resolved","generated_metric_alias","0","false","false","","","This is a comparison derived from two temperature records, not an independent forcing or outcome. Preserve both components and the shared baseline on the canonical temperature system."
"landfill_gas_collection_configuration","Landfill Gas Collection Configuration","resolved metric ledger","authored_root_driver_metric","","","","0","true","relationship_or_metric_specific","landfill_gas_collection_and_control_status","target_mechanism_metric","4","resolved","full_campaign_backlog","true","resolved_metric_record","false","not_applicable","resolved_metric_binding","resolved","root_driver_metric","0","false","false","","","Resolved as a bounded measurement on a canonical graph node."
"landfill_heavy_metal_leachate","Landfill Heavy Metal Leachate","resolved metric ledger","operational_indicator","","","","0","true","relationship_or_metric_specific","landfill_leachate_metal_concentration_and_load","canonical_node_metric_alias","4","resolved","full_campaign_backlog","true","resolved_metric_record","false","not_applicable","resolved_metric_binding","resolved","generated_metric_alias","0","false","false","","","Leachate chemistry and containment are waste-lifecycle measurements within the canonical material system."
"landfill_methane_outflows","Landfill Methane Outflows","resolved metric ledger","operational_indicator","","","","0","true","relationship_or_metric_specific","landfill_methane_emission_or_recovery","canonical_node_metric_alias","4","resolved","full_campaign_backlog","true","resolved_metric_record","false","not_applicable","resolved_metric_binding","resolved","generated_metric_alias","0","false","false","","","Facility-level generation, capture, recovery, and emission form a source-specific methane metric rather than a second methane phenomenon."
"landfilled_organic_waste_fraction","Landfilled Organic Waste Fraction","resolved metric ledger","authored_root_driver_metric","","","","0","true","relationship_or_metric_specific","landfilled_organic_waste_mass_fraction","target_mechanism_metric","4","resolved","full_campaign_backlog","true","resolved_metric_record","false","not_applicable","resolved_metric_binding","resolved","root_driver_metric","0","false","false","","","Resolved as a bounded measurement on a canonical graph node."
"lichen_layer_degradations","Lichen Layer Degradations","resolved metric ledger","operational_indicator","","","","0","true","relationship_or_metric_specific","lichen_community_condition","canonical_node_metric_alias","4","resolved","full_campaign_backlog","true","resolved_metric_record","false","not_applicable","resolved_metric_binding","resolved","generated_metric_alias","0","false","false","","","Lichen community condition is a biological monitoring surface affected by pollution, climate, substrate, and forest structure. Preserve the bounded indicator on the canonical biodiversity-condition system."
"liquid_cooling_loop_demand","Liquid Cooling Loop Demand","resolved metric ledger","operational_indicator","","","","0","true","relationship_or_metric_specific","data_center_liquid_cooling_loop_load","canonical_node_metric_alias","4","resolved","full_campaign_backlog","true","resolved_metric_record","false","not_applicable","resolved_metric_binding","resolved","generated_metric_alias","0","false","false","","","Cooling-loop flow and pumping load are internal facility measurements. They are not independent water demand or a distinct phenomenon."
"lithium_brine_evaporation_operation","Lithium Brine Evaporation Operation","resolved metric ledger","authored_root_driver_metric","","","","0","true","relationship_or_metric_specific","lithium_brine_extraction_activity","target_mechanism_metric","4","resolved","full_campaign_backlog","true","resolved_metric_record","false","not_applicable","resolved_metric_binding","resolved","root_driver_metric","0","false","false","","","Resolved as a bounded measurement on a canonical graph node."
"lithium_extraction_brine_pools","Lithium Extraction Brine Pools","resolved metric ledger","operational_indicator","","","","0","true","relationship_or_metric_specific","lithium_brine_evaporation_pond_extent","canonical_node_metric_alias","4","resolved","full_campaign_backlog","true","resolved_metric_record","false","not_applicable","resolved_metric_binding","resolved","operational_indicator_metric","0","false","false","","","This record is a bounded operational measurement of its adjacent system, not an independently supported causal phenomenon."
"locomotive_diesel_exhaust","Locomotive Diesel Exhaust","resolved metric ledger","operational_indicator","","","","0","true","relationship_or_metric_specific","locomotive_diesel_pollutant_emission","canonical_node_metric_alias","4","resolved","full_campaign_backlog","true","resolved_metric_record","false","not_applicable","resolved_metric_binding","resolved","generated_metric_alias","0","false","false","","","Exhaust is a source-sector measurement. Preserve pollutant-specific engine and activity data on the canonical rail-diesel pathway rather than duplicating it."
"low_crop_rotation_diversity","Low Crop Rotation Diversity","resolved metric ledger","authored_root_driver_metric","","","","0","true","relationship_or_metric_specific","crop_rotation_and_living_root_diversity","target_mechanism_metric","4","resolved","full_campaign_backlog","true","resolved_metric_record","false","not_applicable","resolved_metric_binding","resolved","root_driver_metric","0","false","false","","","Resolved as a bounded measurement on a canonical graph node."
"macrofungal_mycelium_decay","Macrofungal Mycelium Decay","resolved metric ledger","operational_indicator","","","","0","true","relationship_or_metric_specific","soil_fungal_biomass_and_decomposition_function","canonical_node_metric_alias","4","resolved","full_campaign_backlog","true","resolved_metric_record","false","not_applicable","resolved_metric_binding","resolved","generated_metric_alias","0","false","false","","","The generated phrase does not distinguish fungal biomass, community composition, fruiting, decomposition, or nutrient cycling. Preserve those bounded measurements on the canonical soil-microbial system."
"manure_lagoon_odors","Manure Lagoon Odors","resolved metric ledger","operational_indicator","","","","0","true","relationship_or_metric_specific","manure_lagoon_odor_or_gas_emission","canonical_node_metric_alias","4","resolved","full_campaign_backlog","true","resolved_metric_record","false","not_applicable","resolved_metric_binding","resolved","generated_metric_alias","0","false","false","","","Odor and associated gas flux are monitored outputs of lagoon operation, not an independently supported causal system node."
"marine_biodeposits_loss","Marine Biodeposits Loss","resolved metric ledger","operational_indicator","","","","0","true","relationship_or_metric_specific","bivalve_biodeposition_flux_and_benthic_response","canonical_node_metric_alias","4","resolved","full_campaign_backlog","true","resolved_metric_record","false","not_applicable","resolved_metric_binding","resolved","generated_metric_alias","0","false","false","","","Biodeposition flux and benthic response are local ecological measurements within the wider food-web system, not an independently defined loss phenomenon."
"marine_biome_displacement","Marine Biome Displacement","resolved metric ledger","operational_indicator","","","","0","true","relationship_or_metric_specific","marine_community_thermal_displacement","canonical_node_metric_alias","4","resolved","full_campaign_backlog","true","resolved_metric_record","false","not_applicable","resolved_metric_binding","resolved","generated_metric_alias","0","false","false","","","Community range and depth shifts are multi-taxon measurements within the canonical marine-redistribution system."
"marine_mammal_migration_drifts","Marine Mammal Migration Drifts","resolved metric ledger","operational_indicator","","","","0","true","relationship_or_metric_specific","marine_mammal_migration_timing_and_route_shift","canonical_node_metric_alias","4","resolved","full_campaign_backlog","true","resolved_metric_record","false","not_applicable","resolved_metric_binding","resolved","generated_metric_alias","0","false","false","","","Route and timing change are population-specific movement measurements within the wider redistribution system; drift is noncanonical."
"marine_sanctuary_encroachments","Marine Sanctuary Encroachments","resolved metric ledger","operational_indicator","","","","0","true","relationship_or_metric_specific","marine_protected_area_activity_and_compliance","canonical_node_metric_alias","4","resolved","full_campaign_backlog","true","resolved_metric_record","false","not_applicable","resolved_metric_binding","resolved","generated_metric_alias","0","false","false","","","Activity and compliance within a protected area require rule- and zone-specific records and do not define an independent ecological phenomenon."
"maternal_heat_risk","Maternal Heat Risk","resolved metric ledger","operational_indicator","","","","0","true","relationship_or_metric_specific","maternal_heat_exposure_and_health_outcome","canonical_node_metric_alias","4","resolved","full_campaign_backlog","true","resolved_metric_record","false","not_applicable","resolved_metric_binding","resolved","generated_metric_alias","0","false","false","","","Exposure and pregnancy outcomes are population-health burden measurements that require a defined gestational window and denominator."
"metropolitan_gridlock_emissions","Metropolitan Gridlock Emissions","resolved metric ledger","operational_indicator","","","","0","true","relationship_or_metric_specific","urban_congestion_vehicle_emission","canonical_node_metric_alias","4","resolved","full_campaign_backlog","true","resolved_metric_record","false","not_applicable","resolved_metric_binding","resolved","generated_metric_alias","0","false","false","","","Congestion is traffic state while emissions require pollutant-specific fleet and operating data. Preserve the modeled inventory on the canonical emissions system."
"microplastic_suspensions","Microplastic Suspensions","resolved metric ledger","operational_indicator","","","","0","true","relationship_or_metric_specific","aquatic_microplastic_concentration_and_particle_profile","canonical_node_metric_alias","4","resolved","full_campaign_backlog","true","resolved_metric_record","false","not_applicable","resolved_metric_binding","resolved","generated_metric_alias","0","false","false","","","Suspended particles are a matrix- and method-specific observation within the wider plastics system. Preserve the measured particle profile while requiring separate source, transport, fate, and effect evidence."
"mobile_tower_backup_power","Mobile Tower Backup Power","resolved metric ledger","operational_indicator","","","","0","true","relationship_or_metric_specific","mobile_site_backup_energy_capacity_and_runtime","canonical_node_metric_alias","4","resolved","full_campaign_backlog","true","resolved_metric_record","false","not_applicable","resolved_metric_binding","resolved","generated_metric_alias","0","false","false","","","Backup capacity and runtime are operational reliability measurements of mobile sites, not an independent causal system."
"monoculture_encroachments","Monoculture Encroachments","resolved metric ledger","operational_indicator","","","","0","true","relationship_or_metric_specific","crop_diversity_and_monoculture_extent","canonical_node_metric_alias","4","resolved","full_campaign_backlog","true","resolved_metric_record","false","not_applicable","resolved_metric_binding","resolved","generated_metric_alias","0","false","false","","","Crop diversity, rotation, field size, and non-crop habitat are measurable management dimensions; encroachment requires a prior mapped state. Preserve them on the canonical agricultural system."
"monsoonal_wind_shear","Monsoonal Wind Shear","resolved metric ledger","operational_indicator","","","","0","true","relationship_or_metric_specific","monsoon_vertical_wind_shear","canonical_node_metric_alias","4","resolved","full_campaign_backlog","true","resolved_metric_record","false","not_applicable","resolved_metric_binding","resolved","generated_metric_alias","0","false","false","","","Vertical shear is one circulation measurement, not a second monsoon phenomenon. Preserve levels, vectors, season and domain without treating it as rainfall or monsoon strength."
"multi_season_reservoir_inflow_deficit","Multi Season Reservoir Inflow Deficit","resolved metric ledger","authored_root_driver_metric","","","","0","true","relationship_or_metric_specific","reservoir_inflow_deficit","target_mechanism_metric","4","resolved","full_campaign_backlog","true","resolved_metric_record","false","not_applicable","resolved_metric_binding","resolved","root_driver_metric","0","false","false","","","Resolved as a bounded measurement on a canonical graph node."
"municipal_solid_waste_landfilling","Municipal Solid Waste Landfilling","resolved metric ledger","authored_root_driver_metric","","","","0","true","relationship_or_metric_specific","waste_disposed_at_landfill","target_mechanism_metric","4","resolved","full_campaign_backlog","true","resolved_metric_record","false","not_applicable","resolved_metric_binding","resolved","root_driver_metric","0","false","false","","","Resolved as a bounded measurement on a canonical graph node."
"natural_gas_flaring_stacks","Natural Gas Flaring Stacks","resolved metric ledger","operational_indicator","","","","0","true","relationship_or_metric_specific","natural_gas_flared_volume_and_combustion_output","canonical_node_metric_alias","4","resolved","full_campaign_backlog","true","resolved_metric_record","false","not_applicable","resolved_metric_binding","resolved","generated_metric_alias","0","false","false","","","A flare stack is infrastructure; the defensible quantities are gas volume and measured or modeled outputs. Preserve those on the canonical flaring pathway."
"navigational_river_channel_dredge","Navigational River Channel Dredge","resolved metric ledger","operational_indicator","","","","0","true","relationship_or_metric_specific","navigation_channel_dredging_activity","canonical_node_metric_alias","4","resolved","full_campaign_backlog","true","resolved_metric_record","false","not_applicable","resolved_metric_binding","resolved","generated_metric_alias","0","false","false","","","Dredging is a navigation activity with project, permit, material, and exposure measurements rather than a standalone environmental outcome."
"network_operations_center_dependence","Network Operations Center Dependence","resolved metric ledger","operational_indicator","","","","0","true","relationship_or_metric_specific","network_operations_control_dependency","canonical_node_metric_alias","4","resolved","full_campaign_backlog","true","resolved_metric_record","false","not_applicable","resolved_metric_binding","resolved","generated_metric_alias","0","false","false","","","A control center is organizational infrastructure. Preserve functions, dependencies, redundancy and tested recovery on the canonical network system."
"nitrogen_oxide_saturation","Nitrogen Oxide Saturation","resolved metric ledger","operational_indicator","","","","0","true","relationship_or_metric_specific","ambient_nox_concentration_and_ozone_precursor_context","canonical_node_metric_alias","4","resolved","full_campaign_backlog","true","resolved_metric_record","false","not_applicable","resolved_metric_binding","resolved","generated_metric_alias","0","false","false","","","Saturation is not a universal atmospheric state because the response changes across nitrogen-limited, organic-gas-limited and titration regimes. Preserve species-specific concentrations and photochemical context on the canonical ozone system."
"nuclear_power_cooling_water_discharge","Nuclear Power Cooling Water Discharge","resolved metric ledger","operational_indicator","","","","0","true","relationship_or_metric_specific","nuclear_cooling_water_withdrawal_consumption_and_thermal_discharge","canonical_node_metric_alias","4","resolved","full_campaign_backlog","true","resolved_metric_record","false","not_applicable","resolved_metric_binding","resolved","generated_metric_alias","0","false","false","","","Withdrawal, consumption, return flow, and thermal discharge are plant-level water-use measurements within the canonical cooling-water system."
"oceanic_carbon_sink_saturation","Oceanic Carbon Sink Saturation","resolved metric ledger","operational_indicator","","","","0","true","relationship_or_metric_specific","ocean_carbon_uptake_sensitivity","canonical_node_metric_alias","4","resolved","full_campaign_backlog","true","resolved_metric_record","false","not_applicable","resolved_metric_binding","resolved","generated_metric_alias","0","false","false","","","The ocean sink is not a binary saturated state. Preserve measured storage and uptake sensitivity on the canonical weakening system with circulation and chemistry uncertainty."
"oceanic_thermal_expansion","Oceanic Thermal Expansion","resolved metric ledger","operational_indicator","","","","0","true","relationship_or_metric_specific","steric_sea_level_contribution","canonical_node_metric_alias","4","resolved","full_campaign_backlog","true","resolved_metric_record","false","not_applicable","resolved_metric_binding","resolved","generated_metric_alias","0","false","false","","","Thermal expansion is a quantified contribution to sea-level change, not a separate system outcome. Keep it as a steric-height metric and preserve land-ice and land-water contributions separately."
"offroad_combustion_nox_emissions","Offroad Combustion Nox Emissions","resolved metric ledger","authored_root_driver_metric","","","","0","true","relationship_or_metric_specific","offroad_nox_emission","target_mechanism_metric","4","resolved","full_campaign_backlog","true","resolved_metric_record","false","not_applicable","resolved_metric_binding","resolved","root_driver_metric","0","false","false","","","Resolved as a bounded measurement on a canonical graph node."
"offshore_bop_system_failure","Offshore Bop System Failure","resolved metric ledger","authored_root_driver_metric","","","","0","true","relationship_or_metric_specific","offshore_bop_failure","target_mechanism_metric","4","resolved","full_campaign_backlog","true","resolved_metric_record","false","not_applicable","resolved_metric_binding","resolved","root_driver_metric","0","false","false","","","Resolved as a bounded measurement on a canonical graph node."
"offshore_facility_storm_damage","Offshore Facility Storm Damage","resolved metric ledger","authored_root_driver_metric","","","","0","true","relationship_or_metric_specific","offshore_storm_damage","target_mechanism_metric","4","resolved","full_campaign_backlog","true","resolved_metric_record","false","not_applicable","resolved_metric_binding","resolved","root_driver_metric","0","false","false","","","Resolved as a bounded measurement on a canonical graph node."
"offshore_oil_system_integrity_failure","Offshore Oil System Integrity Failure","resolved metric ledger","authored_root_driver_metric","","","","0","true","relationship_or_metric_specific","offshore_system_integrity_failure","target_mechanism_metric","4","resolved","full_campaign_backlog","true","resolved_metric_record","false","not_applicable","resolved_metric_binding","resolved","root_driver_metric","0","false","false","","","Resolved as a bounded measurement on a canonical graph node."
"offshore_well_control_loss","Offshore Well Control Loss","resolved metric ledger","authored_root_driver_metric","","","","0","true","relationship_or_metric_specific","offshore_well_control_incident","target_mechanism_metric","4","resolved","full_campaign_backlog","true","resolved_metric_record","false","not_applicable","resolved_metric_binding","resolved","root_driver_metric","0","false","false","","","Resolved as a bounded measurement on a canonical graph node."
"offshore_wind_turbine_noise_vibrations","Offshore Wind Turbine Noise Vibrations","resolved metric ledger","operational_indicator","","","","0","true","relationship_or_metric_specific","offshore_wind_underwater_sound_exposure","canonical_node_metric_alias","4","resolved","full_campaign_backlog","true","resolved_metric_record","false","not_applicable","resolved_metric_binding","resolved","generated_metric_alias","0","false","false","","","Construction and operating sound are project-specific exposure measurements within renewable deployment."
"oil_power_sulfur_emissions","Oil Power Sulfur Emissions","resolved metric ledger","authored_root_driver_metric","","","","0","true","relationship_or_metric_specific","oil_egu_so2_emission","target_mechanism_metric","4","resolved","full_campaign_backlog","true","resolved_metric_record","false","not_applicable","resolved_metric_binding","resolved","root_driver_metric","0","false","false","","","Resolved as a bounded measurement on a canonical graph node."
"onroad_combustion_nox_emissions","Onroad Combustion Nox Emissions","resolved metric ledger","authored_root_driver_metric","","","","0","true","relationship_or_metric_specific","onroad_nox_emission","target_mechanism_metric","4","resolved","full_campaign_backlog","true","resolved_metric_record","false","not_applicable","resolved_metric_binding","resolved","root_driver_metric","0","false","false","","","Resolved as a bounded measurement on a canonical graph node."
"onroad_engine_incomplete_combustion","Onroad Engine Incomplete Combustion","resolved metric ledger","authored_root_driver_metric","","","","0","true","relationship_or_metric_specific","onroad_co_tailpipe_emission","target_mechanism_metric","4","resolved","full_campaign_backlog","true","resolved_metric_record","false","not_applicable","resolved_metric_binding","resolved","root_driver_metric","0","false","false","","","Resolved as a bounded measurement on a canonical graph node."
"orchard_fungicide_drenching","Orchard Fungicide Drenching","resolved metric ledger","operational_indicator","","","","0","true","relationship_or_metric_specific","orchard_fungicide_application_and_water_residue","canonical_node_metric_alias","4","resolved","full_campaign_backlog","true","resolved_metric_record","false","not_applicable","resolved_metric_binding","resolved","generated_metric_alias","0","false","false","","","Application and compound-specific residue are measurable agricultural inputs and pathways. Preserve them on the canonical production system instead of treating informal drenching wording as a phenomenon."
"overhead_transmission_line_fires","Overhead Transmission Line Fires","resolved metric ledger","operational_indicator","","","","0","true","relationship_or_metric_specific","transmission_asset_fire_ignition_incident","canonical_node_metric_alias","4","resolved","full_campaign_backlog","true","resolved_metric_record","false","not_applicable","resolved_metric_binding","resolved","generated_metric_alias","0","false","false","","","An investigated ignition is an asset incident record; line presence or outage does not establish cause."
"packaging_styrofoam_oceans","Packaging Styrofoam Oceans","resolved metric ledger","operational_indicator","","","","0","true","relationship_or_metric_specific","expanded_polystyrene_litter_and_particle_observation","canonical_node_metric_alias","4","resolved","full_campaign_backlog","true","resolved_metric_record","false","not_applicable","resolved_metric_binding","resolved","generated_metric_alias","0","false","false","","","The informal label is a product- and polymer-specific litter observation within the wider plastics lifecycle."
"paint_factory_solvent_smog","Paint Factory Solvent Smog","resolved metric ledger","operational_indicator","","","","0","true","relationship_or_metric_specific","coating_manufacture_voc_and_ozone_precursor_inventory","canonical_node_metric_alias","4","resolved","full_campaign_backlog","true","resolved_metric_record","false","not_applicable","resolved_metric_binding","resolved","generated_metric_alias","0","false","false","","","The label collapses a source inventory with nonlinear atmospheric chemistry and a receptor outcome; preserve those measurements separately."
"paper_mill_effluent_streams","Paper Mill Effluent Streams","resolved metric ledger","operational_indicator","","","","0","true","relationship_or_metric_specific","pulp_paper_effluent_load","canonical_node_metric_alias","4","resolved","full_campaign_backlog","true","resolved_metric_record","false","not_applicable","resolved_metric_binding","resolved","generated_metric_alias","0","false","false","","","A mill outfall is a source-specific load and permit surface. Preserve flow and analyte-specific loads on the canonical water-pollution system."
"pelagic_zone_depletion","Pelagic Zone Depletion","resolved metric ledger","operational_indicator","","","","0","true","relationship_or_metric_specific","pelagic_fish_stock_status","canonical_node_metric_alias","4","resolved","full_campaign_backlog","true","resolved_metric_record","false","not_applicable","resolved_metric_binding","resolved","generated_metric_alias","0","false","false","","","The normalized label denotes assessed fish-stock condition, not depletion of the entire open-ocean zone."
"permafrost_carbon_leaching","Permafrost Carbon Leaching","resolved metric ledger","operational_indicator","","","","0","true","relationship_or_metric_specific","permafrost_dissolved_organic_carbon_mobilization","canonical_node_metric_alias","4","resolved","full_campaign_backlog","true","resolved_metric_record","false","not_applicable","resolved_metric_binding","resolved","generated_metric_alias","0","false","false","","","Dissolved-carbon mobilization is a measured thaw pathway, not another permafrost phenomenon. Preserve concentration, hydrologic flux, biodegradability, and fate separately."
"permafrost_ground_warming","Permafrost Ground Warming","resolved metric ledger","authored_root_driver_metric","","","","0","true","relationship_or_metric_specific","permafrost_ground_temperature","target_mechanism_metric","4","resolved","full_campaign_backlog","true","resolved_metric_record","false","not_applicable","resolved_metric_binding","resolved","root_driver_metric","0","false","false","","","Resolved as a bounded measurement on a canonical graph node."
"petrochemical_refinery_sludge","Petrochemical Refinery Sludge","resolved metric ledger","operational_indicator","","","","0","true","relationship_or_metric_specific","petroleum_refinery_sludge_generation_and_disposition","canonical_node_metric_alias","4","resolved","full_campaign_backlog","true","resolved_metric_record","false","not_applicable","resolved_metric_binding","resolved","generated_metric_alias","0","false","false","","","Refinery sludge is a process waste flow whose treatment and destination belong on the canonical material system."
"petroleum_drilling_footprints","Petroleum Drilling Footprints","resolved metric ledger","operational_indicator","","","","0","true","relationship_or_metric_specific","petroleum_extraction_surface_disturbance","canonical_node_metric_alias","4","resolved","full_campaign_backlog","true","resolved_metric_record","false","not_applicable","resolved_metric_binding","resolved","generated_metric_alias","0","false","false","","","Mapped extraction disturbance and reclamation are land and material-system measurements, not an independent causal node."
"phytoplankton_photosynthesis_block","Phytoplankton Photosynthesis Block","resolved metric ledger","operational_indicator","","","","0","true","relationship_or_metric_specific","phytoplankton_primary_production_and_light_limitation","canonical_node_metric_alias","4","resolved","full_campaign_backlog","true","resolved_metric_record","false","not_applicable","resolved_metric_binding","resolved","generated_metric_alias","0","false","false","","","The informal block wording collapses production, light limitation, abundance, and cause; preserve those measurements on the canonical plankton system."
"pingo_explosions","Pingo Explosions","resolved metric ledger","operational_indicator","","","","0","true","relationship_or_metric_specific","pingo_morphology_and_failure_event","canonical_node_metric_alias","4","resolved","full_campaign_backlog","true","resolved_metric_record","false","not_applicable","resolved_metric_binding","resolved","generated_metric_alias","0","false","false","","","Pingo form and failure are permafrost-landscape observations; explosion requires event evidence. Preserve morphology and failure status without presenting the generated wording as a general phenomenon."
"polar_jet_stream_anchors","Polar Jet Stream Anchors","resolved metric ledger","operational_indicator","","","","0","true","relationship_or_metric_specific","northern_hemisphere_jet_position_and_extent","canonical_node_metric_alias","4","resolved","full_campaign_backlog","true","resolved_metric_record","false","not_applicable","resolved_metric_binding","resolved","generated_metric_alias","0","false","false","","","Anchor is not a standard event class. Preserve jet position, strength, extent and the named circulation index on the canonical jet-variability system."
"polar_vortex_instabilities","Polar Vortex Instabilities","resolved metric ledger","operational_indicator","","","","0","true","relationship_or_metric_specific","stratospheric_polar_vortex_state","canonical_node_metric_alias","4","resolved","full_campaign_backlog","true","resolved_metric_record","false","not_applicable","resolved_metric_binding","resolved","generated_metric_alias","0","false","false","","","Vortex strength, displacement, splitting, and sudden warming are distinct stratospheric observations that can inform the canonical high-latitude circulation record. The binding explicitly prohibits treating the two circulation concepts as interchangeable."
"pollinator_climate_stress","Pollinator Climate Stress","resolved metric ledger","authored_root_driver_metric","","","","0","true","relationship_or_metric_specific","pollinator_climate_stressor_exposure","target_mechanism_metric","4","resolved","full_campaign_backlog","true","resolved_metric_record","false","not_applicable","resolved_metric_binding","resolved","root_driver_metric","0","false","false","","","Resolved as a bounded measurement on a canonical graph node."
"pollinator_floral_resource_loss","Pollinator Floral Resource Loss","resolved metric ledger","authored_root_driver_metric","","","","0","true","relationship_or_metric_specific","pollinator_forage_and_nesting_resource_change","target_mechanism_metric","4","resolved","full_campaign_backlog","true","resolved_metric_record","false","not_applicable","resolved_metric_binding","resolved","root_driver_metric","0","false","false","","","Resolved as a bounded measurement on a canonical graph node."
"pollinator_pathogen_parasite_pressure","Pollinator Pathogen Parasite Pressure","resolved metric ledger","authored_root_driver_metric","","","","0","true","relationship_or_metric_specific","pollinator_pathogen_parasite_prevalence","target_mechanism_metric","4","resolved","full_campaign_backlog","true","resolved_metric_record","false","not_applicable","resolved_metric_binding","resolved","root_driver_metric","0","false","false","","","Resolved as a bounded measurement on a canonical graph node."
"pollinator_pesticide_exposure","Pollinator Pesticide Exposure","resolved metric ledger","authored_root_driver_metric","","","","0","true","relationship_or_metric_specific","pollinator_relevant_pesticide_exposure","target_mechanism_metric","4","resolved","full_campaign_backlog","true","resolved_metric_record","false","not_applicable","resolved_metric_binding","resolved","root_driver_metric","0","false","false","","","Resolved as a bounded measurement on a canonical graph node."
"population_weighted_no2_exposure","Population Weighted No2 Exposure","resolved metric ledger","authored_root_driver_metric","","","","0","true","relationship_or_metric_specific","population_weighted_no2","target_mechanism_metric","4","resolved","full_campaign_backlog","true","resolved_metric_record","false","not_applicable","resolved_metric_binding","resolved","root_driver_metric","0","false","false","","","Resolved as a bounded measurement on a canonical graph node."
"population_weighted_ozone_exposure","Population Weighted Ozone Exposure","resolved metric ledger","authored_root_driver_metric","","","","0","true","relationship_or_metric_specific","population_weighted_ozone","target_mechanism_metric","4","resolved","full_campaign_backlog","true","resolved_metric_record","false","not_applicable","resolved_metric_binding","resolved","root_driver_metric","0","false","false","","","Resolved as a bounded measurement on a canonical graph node."
"population_weighted_pm25_exposure","Population Weighted Pm25 Exposure","resolved metric ledger","authored_root_driver_metric","","","","0","true","relationship_or_metric_specific","population_weighted_pm25","target_mechanism_metric","4","resolved","full_campaign_backlog","true","resolved_metric_record","false","not_applicable","resolved_metric_binding","resolved","root_driver_metric","0","false","false","","","Resolved as a bounded measurement on a canonical graph node."
"portland_cement_kiln_operation","Portland Cement Kiln Operation","resolved metric ledger","authored_root_driver_metric","","","","0","true","relationship_or_metric_specific","cement_kiln_clinker_output","target_mechanism_metric","4","resolved","full_campaign_backlog","true","resolved_metric_record","false","not_applicable","resolved_metric_binding","resolved","root_driver_metric","0","false","false","","","Resolved as a bounded measurement on a canonical graph node."
"private_water_source_monitoring_gap","Private Water Source Monitoring Gap","resolved metric ledger","authored_root_driver_metric","","","","0","true","relationship_or_metric_specific","private_source_testing_gap","target_mechanism_metric","4","resolved","full_campaign_backlog","true","resolved_metric_record","false","not_applicable","resolved_metric_binding","resolved","root_driver_metric","0","false","false","","","Resolved as a bounded measurement on a canonical graph node."
"pumped_hydro_land_inundations","Pumped Hydro Land Inundations","resolved metric ledger","operational_indicator","","","","0","true","relationship_or_metric_specific","pumped_storage_reservoir_land_conversion","canonical_node_metric_alias","4","resolved","full_campaign_backlog","true","resolved_metric_record","false","not_applicable","resolved_metric_binding","resolved","generated_metric_alias","0","false","false","","","Reservoir footprint and prior land-cover conversion are project measurements within the canonical storage system."
"railroad_chemical_car_derailments","Railroad Chemical Car Derailments","resolved metric ledger","operational_indicator","","","","0","true","relationship_or_metric_specific","rail_derailment_hazardous_material_release_record","canonical_node_metric_alias","4","resolved","full_campaign_backlog","true","resolved_metric_record","false","not_applicable","resolved_metric_binding","resolved","generated_metric_alias","0","false","false","","","A derailment with hazardous material is an incident record whose cause and release consequences must be investigated separately. Preserve event-specific track, equipment, consist, substance and consequence data on the canonical infrastructure system."
"rapid_basin_runoff_transmission","Rapid Basin Runoff Transmission","resolved metric ledger","authored_root_driver_metric","","","","0","true","relationship_or_metric_specific","rapid_runoff_condition","target_mechanism_metric","4","resolved","full_campaign_backlog","true","resolved_metric_record","false","not_applicable","resolved_metric_binding","resolved","root_driver_metric","0","false","false","","","Resolved as a bounded measurement on a canonical graph node."
"recreational_boating_fuel_leakage","Recreational Boating Fuel Leakage","resolved metric ledger","operational_indicator","","","","0","true","relationship_or_metric_specific","recreational_vessel_fuel_release","canonical_node_metric_alias","4","resolved","full_campaign_backlog","true","resolved_metric_record","false","not_applicable","resolved_metric_binding","resolved","generated_metric_alias","0","false","false","","","A confirmed small-vessel release is an incident metric within waterborne transport, not a persistent causal system."
"red_list_extinction_rates","Red List Extinction Rates","resolved metric ledger","operational_indicator","","","","0","true","relationship_or_metric_specific","iucn_red_list_index_trend","canonical_node_metric_alias","4","resolved","full_campaign_backlog","true","resolved_metric_record","false","not_applicable","resolved_metric_binding","resolved","generated_metric_alias","0","false","false","","","The Red List Index is an aggregate extinction-risk indicator for covered taxa and belongs as a biodiversity-condition metric rather than a causal node."
"refinery_waste_flaring","Refinery Waste Flaring","resolved metric ledger","operational_indicator","","","","0","true","relationship_or_metric_specific","refinery_flared_gas_volume_and_combustion_output","canonical_node_metric_alias","4","resolved","full_campaign_backlog","true","resolved_metric_record","false","not_applicable","resolved_metric_binding","resolved","generated_metric_alias","0","false","false","","","Refinery flaring is a facility-bounded operating source within the canonical flaring system. Preserve event type, gas volume, composition, and uncertainty as metrics."
"reinsurance_withdrawal","Reinsurance Withdrawal","resolved metric ledger","operational_indicator","","","","0","true","relationship_or_metric_specific","reinsurance_capacity_price_and_nonrenewal","canonical_node_metric_alias","4","resolved","full_campaign_backlog","true","resolved_metric_record","false","not_applicable","resolved_metric_binding","resolved","generated_metric_alias","0","false","false","","","Capacity, price, terms, and nonrenewal are market measurements within the canonical insurance-retreat system."
"repeated_cattle_trampling","Repeated Cattle Trampling","resolved metric ledger","authored_root_driver_metric","","","","0","true","relationship_or_metric_specific","cattle_trampling_intensity","target_mechanism_metric","4","resolved","full_campaign_backlog","true","resolved_metric_record","false","not_applicable","resolved_metric_binding","resolved","root_driver_metric","0","false","false","","","Resolved as a bounded measurement on a canonical graph node."
"reservoir_inflow_timing_mismatch","Reservoir Inflow Timing Mismatch","resolved metric ledger","authored_root_driver_metric","","","","0","true","relationship_or_metric_specific","reservoir_inflow_timing_offset","target_mechanism_metric","4","resolved","full_campaign_backlog","true","resolved_metric_record","false","not_applicable","resolved_metric_binding","resolved","root_driver_metric","0","false","false","","","Resolved as a bounded measurement on a canonical graph node."
"reservoir_sedimentation_capacity_loss","Reservoir Sedimentation Capacity Loss","resolved metric ledger","authored_root_driver_metric","","","","0","true","relationship_or_metric_specific","reservoir_usable_capacity_loss","target_mechanism_metric","4","resolved","full_campaign_backlog","true","resolved_metric_record","false","not_applicable","resolved_metric_binding","resolved","root_driver_metric","0","false","false","","","Resolved as a bounded measurement on a canonical graph node."
"rice_paddy_organic_amendments","Rice Paddy Organic Amendments","resolved metric ledger","authored_root_driver_metric","","","","0","true","relationship_or_metric_specific","rice_paddy_organic_amendment_application","target_mechanism_metric","4","resolved","full_campaign_backlog","true","resolved_metric_record","false","not_applicable","resolved_metric_binding","resolved","root_driver_metric","0","false","false","","","Resolved as a bounded measurement on a canonical graph node."
"rice_paddy_water_management","Rice Paddy Water Management","resolved metric ledger","authored_root_driver_metric","","","","0","true","relationship_or_metric_specific","rice_paddy_water_regime","target_mechanism_metric","4","resolved","full_campaign_backlog","true","resolved_metric_record","false","not_applicable","resolved_metric_binding","resolved","root_driver_metric","0","false","false","","","Resolved as a bounded measurement on a canonical graph node."
"road_vehicle_tire_operation","Road Vehicle Tire Operation","resolved metric ledger","authored_root_driver_metric","","","","0","true","relationship_or_metric_specific","road_vehicle_tire_activity","target_mechanism_metric","4","resolved","full_campaign_backlog","true","resolved_metric_record","false","not_applicable","resolved_metric_binding","resolved","root_driver_metric","0","false","false","","","Resolved as a bounded measurement on a canonical graph node."
"rock_phosphate_reserves_runout","Rock Phosphate Reserves Runout","resolved metric ledger","operational_indicator","","","","0","true","relationship_or_metric_specific","phosphate_rock_reserves_resources_and_production","canonical_node_metric_alias","4","resolved","full_campaign_backlog","true","resolved_metric_record","false","not_applicable","resolved_metric_binding","resolved","generated_metric_alias","0","false","false","","","Reserve, resource, production, trade, and grade are measurable commodity dimensions. A fixed runout date is not defensible and is retired."
"salinity_declines","Salinity Declines","resolved metric ledger","operational_indicator","","","","0","true","relationship_or_metric_specific","ocean_salinity_anomaly","canonical_node_metric_alias","4","resolved","full_campaign_backlog","true","resolved_metric_record","false","not_applicable","resolved_metric_binding","resolved","generated_metric_alias","0","false","false","","","A decline is a location-, depth-, period-, and baseline-specific salinity anomaly. Preserve it as a measurement on the canonical salinity system."
"sea_ice_extent_deficits","Sea Ice Extent Deficits","resolved metric ledger","operational_indicator","","","","0","true","relationship_or_metric_specific","sea_ice_extent_anomaly","canonical_node_metric_alias","4","resolved","full_campaign_backlog","true","resolved_metric_record","false","not_applicable","resolved_metric_binding","resolved","generated_metric_alias","0","false","false","","","Extent is one explicitly defined observation dimension of the changing sea-ice system and should not be duplicated as a causal phenomenon."
"seaweed_aquaculture_stresses","Seaweed Aquaculture Stresses","resolved metric ledger","operational_indicator","","","","0","true","relationship_or_metric_specific","seaweed_aquaculture_production_and_stressor_response","canonical_node_metric_alias","4","resolved","full_campaign_backlog","true","resolved_metric_record","false","not_applicable","resolved_metric_binding","resolved","generated_metric_alias","0","false","false","","","Farm production and stressor-response records are sector-specific cultivation measurements, not a standalone ecosystem phenomenon."
"secondary_organic_aerosol_burden","Secondary Organic Aerosol Burden","resolved metric ledger","operational_indicator","","","","0","true","relationship_or_metric_specific","pm25_organic_carbon_component","canonical_node_metric_alias","4","resolved","full_campaign_backlog","true","resolved_metric_record","false","not_applicable","resolved_metric_binding","resolved","generated_metric_alias","0","false","false","","","Routine speciation measures organic carbon, while secondary origin requires a separate apportionment model. Preserve both with their uncertainty on the canonical fine-particle system."
"seed_germination_drops","Seed Germination Drops","resolved metric ledger","operational_indicator","","","","0","true","relationship_or_metric_specific","seed_germination_and_emergence_response","canonical_node_metric_alias","4","resolved","full_campaign_backlog","true","resolved_metric_record","false","not_applicable","resolved_metric_binding","resolved","generated_metric_alias","0","false","false","","","Germination and emergence are bounded crop-response measurements and do not define a separate system phenomenon or field yield outcome."
"semiconductor_f_gas_emissions","Semiconductor F Gas Emissions","resolved metric ledger","operational_indicator","","","","0","true","relationship_or_metric_specific","semiconductor_fgas_emission","canonical_node_metric_alias","4","resolved","full_campaign_backlog","true","resolved_metric_record","false","not_applicable","resolved_metric_binding","resolved","generated_metric_alias","0","false","false","","","Reported input and by-product fluorinated-gas emissions are process measurements of fabrication facilities, not a separate system node."
"semiconductor_fab_water_demand","Semiconductor Fab Water Demand","resolved metric ledger","operational_indicator","","","","0","true","relationship_or_metric_specific","semiconductor_fab_water_withdrawal_consumption_and_reuse","canonical_node_metric_alias","4","resolved","full_campaign_backlog","true","resolved_metric_record","false","not_applicable","resolved_metric_binding","resolved","generated_metric_alias","0","false","false","","","Water withdrawal, consumption, ultrapure-water production, and reuse are bounded operating measurements of fabrication facilities."
"semiconductor_fabrication_process_operation","Semiconductor Fabrication Process Operation","resolved metric ledger","authored_root_driver_metric","","","","0","true","relationship_or_metric_specific","semiconductor_fgas_process_activity","target_mechanism_metric","4","resolved","full_campaign_backlog","true","resolved_metric_record","false","not_applicable","resolved_metric_binding","resolved","root_driver_metric","0","false","false","","","Resolved as a bounded measurement on a canonical graph node."
"server_hall_airflow_loss","Server Hall Airflow Loss","resolved metric ledger","operational_indicator","","","","0","true","relationship_or_metric_specific","data_hall_airflow_delivery_efficiency","canonical_node_metric_alias","4","resolved","full_campaign_backlog","true","resolved_metric_record","false","not_applicable","resolved_metric_binding","resolved","generated_metric_alias","0","false","false","","","Airflow delivery and recirculation are engineering measurements of a data hall. Preserve them on the facility system instead of asserting a separate causal loss."
"single_use_plastic_volume","Single Use Plastic Volume","resolved metric ledger","operational_indicator","","","","0","true","relationship_or_metric_specific","single_use_plastic_products_placed_on_market_or_waste","canonical_node_metric_alias","4","resolved","full_campaign_backlog","true","resolved_metric_record","false","not_applicable","resolved_metric_binding","resolved","generated_metric_alias","0","false","false","","","Product volume placed on the market or collected as waste is a scoped measurement of the plastics system, not a second causal node."
"slash_and_burn_ash_cover","Slash And Burn Ash Cover","resolved metric ledger","operational_indicator","","","","0","true","relationship_or_metric_specific","agricultural_burned_area_and_ash_cover","canonical_node_metric_alias","4","resolved","full_campaign_backlog","true","resolved_metric_record","false","not_applicable","resolved_metric_binding","resolved","generated_metric_alias","0","false","false","","","Ash cover is a transient observation; permanent forest conversion requires dated land-cover evidence. Preserve the bounded burn and conversion measures on the canonical forest-loss system."
"smog_density_peak","Smog Density Peak","resolved metric ledger","operational_indicator","","","","0","true","relationship_or_metric_specific","ground_level_ozone_episode_peak","canonical_node_metric_alias","4","resolved","full_campaign_backlog","true","resolved_metric_record","false","not_applicable","resolved_metric_binding","resolved","generated_metric_alias","0","false","false","","","Modern regulatory smog assessment is principally a ground-level ozone measurement with particulate and precursor context, not a separate density phenomenon. Preserve the peak concentration on the canonical ozone node and keep haze metrics separate."
"smoke_protection_access_gap","Smoke Protection Access Gap","resolved metric ledger","authored_root_driver_metric","","","","0","true","relationship_or_metric_specific","smoke_protection_access_gap","target_mechanism_metric","4","resolved","full_campaign_backlog","true","resolved_metric_record","false","not_applicable","resolved_metric_binding","resolved","root_driver_metric","0","false","false","","","Resolved as a bounded measurement on a canonical graph node."
"smoke_sensitive_population_prevalence","Smoke Sensitive Population Prevalence","resolved metric ledger","authored_root_driver_metric","","","","0","true","relationship_or_metric_specific","smoke_sensitive_population","target_mechanism_metric","4","resolved","full_campaign_backlog","true","resolved_metric_record","false","not_applicable","resolved_metric_binding","resolved","root_driver_metric","0","false","false","","","Resolved as a bounded measurement on a canonical graph node."
"snowpack_water_equivalent_load","Snowpack Water Equivalent Load","resolved metric ledger","authored_root_driver_metric","","","","0","true","relationship_or_metric_specific","snow_water_equivalent","target_mechanism_metric","4","resolved","full_campaign_backlog","true","resolved_metric_record","false","not_applicable","resolved_metric_binding","resolved","root_driver_metric","0","false","false","","","Resolved as a bounded measurement on a canonical graph node."
"soil_organic_matter_depletion","Soil Organic Matter Depletion","resolved metric ledger","operational_indicator","","","","0","true","relationship_or_metric_specific","soil_organic_matter_stock_change","canonical_node_metric_alias","4","resolved","full_campaign_backlog","true","resolved_metric_record","false","not_applicable","resolved_metric_binding","resolved","generated_metric_alias","0","false","false","","","This is the measured stock-change dimension of the canonical soil-organic-matter system, not a second phenomenon."
"solar_panel_refining_waste","Solar Panel Refining Waste","resolved metric ledger","operational_indicator","","","","0","true","relationship_or_metric_specific","solar_supply_chain_refining_waste","canonical_node_metric_alias","4","resolved","full_campaign_backlog","true","resolved_metric_record","false","not_applicable","resolved_metric_binding","resolved","generated_metric_alias","0","false","false","","","Refining waste must be allocated by material and product pathway and belongs on the canonical mineral supply system."
"soy_plantation_encroachments","Soy Plantation Encroachments","resolved metric ledger","operational_indicator","","","","0","true","relationship_or_metric_specific","soy_expansion_into_forest_area","canonical_node_metric_alias","4","resolved","full_campaign_backlog","true","resolved_metric_record","false","not_applicable","resolved_metric_binding","resolved","generated_metric_alias","0","false","false","","","Commodity expansion becomes a deforestation metric only where spatial and temporal overlap establishes direct conversion. Preserve that bounded attribution on the canonical forest-loss system."
"stationary_industrial_fuel_combustion","Stationary Industrial Fuel Combustion","resolved metric ledger","authored_root_driver_metric","","","","0","true","relationship_or_metric_specific","stationary_source_co_emission","target_mechanism_metric","4","resolved","full_campaign_backlog","true","resolved_metric_record","false","not_applicable","resolved_metric_binding","resolved","root_driver_metric","0","false","false","","","Resolved as a bounded measurement on a canonical graph node."
"steel_furnace_carbon_vent","Steel Furnace Carbon Vent","resolved metric ledger","operational_indicator","","","","0","true","relationship_or_metric_specific","steel_route_direct_co2_intensity","canonical_node_metric_alias","4","resolved","full_campaign_backlog","true","resolved_metric_record","false","not_applicable","resolved_metric_binding","resolved","generated_metric_alias","0","false","false","","","Route-specific direct carbon intensity is a measurement of steel production technology and energy inputs, not an independent phenomenon."
"storm_surge_floods","Storm Surge Floods","resolved metric ledger","operational_indicator","","","","0","true","relationship_or_metric_specific","storm_surge_and_coastal_inundation_observation","canonical_node_metric_alias","4","resolved","full_campaign_backlog","true","resolved_metric_record","false","not_applicable","resolved_metric_binding","resolved","generated_metric_alias","0","false","false","","","The label is an event-specific hydrodynamic component of the wider coastal-inundation system. Preserve surge, storm tide, total water level and inundation separately rather than maintaining a duplicate two-edge causal node."
"stratospheric_aerosols","Stratospheric Aerosols","resolved metric ledger","operational_indicator","","","","0","true","relationship_or_metric_specific","stratospheric_aerosol_optical_depth_and_extinction","canonical_node_metric_alias","4","resolved","full_campaign_backlog","true","resolved_metric_record","false","not_applicable","resolved_metric_binding","resolved","generated_metric_alias","0","false","false","","","Stratospheric optical depth and extinction are measured loading variables used to assess radiative and chemical effects. Preserve them on the canonical aerosol-radiative system without assuming composition or forcing sign."
"stratospheric_water_vapor","Stratospheric Water Vapor","resolved metric ledger","operational_indicator","","","","0","true","relationship_or_metric_specific","stratospheric_water_vapor_mixing_ratio_profile","canonical_node_metric_alias","4","resolved","full_campaign_backlog","true","resolved_metric_record","false","not_applicable","resolved_metric_binding","resolved","generated_metric_alias","0","false","false","","","This is a vertically resolved atmospheric concentration and feedback variable. Preserve it as a bounded greenhouse-forcing metric rather than an under-supported one-edge phenomenon."
"sub_polar_soil_instability","Sub Polar Soil Instability","resolved metric ledger","operational_indicator","","","","0","true","relationship_or_metric_specific","subpolar_ground_deformation_and_thaw_condition","canonical_node_metric_alias","4","resolved","full_campaign_backlog","true","resolved_metric_record","false","not_applicable","resolved_metric_binding","resolved","generated_metric_alias","0","false","false","","","Ground temperature, active-layer depth, deformation, and failure observations belong on the canonical thaw system; subpolar is not a process definition."
"subglacial_lake_drainages","Subglacial Lake Drainages","resolved metric ledger","operational_indicator","","","","0","true","relationship_or_metric_specific","subglacial_lake_drainage_event","canonical_node_metric_alias","4","resolved","full_campaign_backlog","true","resolved_metric_record","false","not_applicable","resolved_metric_binding","resolved","generated_metric_alias","0","false","false","","","These are discrete basal-hydrology events that can affect ice motion and downstream discharge, but they are not generally caused by aggregate mass loss. Preserve the event record as ice-system context and remove the unsupported one-way causal claim."
"subsea_methane_hydrate_venting","Subsea Methane Hydrate Venting","resolved metric ledger","operational_indicator","","","","0","true","relationship_or_metric_specific","seafloor_methane_seep_flux_and_water_column_fate","canonical_node_metric_alias","4","resolved","full_campaign_backlog","true","resolved_metric_record","false","not_applicable","resolved_metric_binding","resolved","generated_metric_alias","0","false","false","","","A seafloor seep is a source-and-fate measurement within the wider methane system. Preserve hydrate attribution, oxidation, and water-column fate without assuming atmospheric delivery."
"subsea_permafrost_decay","Subsea Permafrost Decay","resolved metric ledger","operational_indicator","","","","0","true","relationship_or_metric_specific","subsea_permafrost_thermal_and_thaw_state","canonical_node_metric_alias","4","resolved","full_campaign_backlog","true","resolved_metric_record","false","not_applicable","resolved_metric_binding","resolved","generated_metric_alias","0","false","false","","","Subsea frozen-ground condition is a distinct measurement domain within permafrost change. Preserve thermal and geophysical observations without inferring methane release."
"substation_upgrade_delay","Substation Upgrade Delay","resolved metric ledger","operational_indicator","","","","0","true","relationship_or_metric_specific","substation_upgrade_schedule_delay","canonical_node_metric_alias","4","resolved","full_campaign_backlog","true","resolved_metric_record","false","not_applicable","resolved_metric_binding","resolved","generated_metric_alias","0","false","false","","","A project schedule variance is a component-level measurement of the wider buildout lag. Preserve milestone, capacity, scope, and cause without duplicating the system node."
"subsurface_heat_advection","Subsurface Heat Advection","resolved metric ledger","authored_root_driver_metric","","","","0","true","relationship_or_metric_specific","subsurface_heat_advection","target_mechanism_metric","4","resolved","full_campaign_backlog","true","resolved_metric_record","false","not_applicable","resolved_metric_binding","resolved","root_driver_metric","0","false","false","","","Resolved as a bounded measurement on a canonical graph node."
"subtropical_jet_drag","Subtropical Jet Drag","resolved metric ledger","operational_indicator","","","","0","true","relationship_or_metric_specific","subtropical_jet_position_and_strength_anomaly","canonical_node_metric_alias","4","resolved","full_campaign_backlog","true","resolved_metric_record","false","not_applicable","resolved_metric_binding","resolved","generated_metric_alias","0","false","false","","","The generated drag wording is noncanonical; the defensible quantity is a seasonally and regionally bounded jet-position and wind-speed anomaly. Preserve it on the canonical circulation-variability system."
"suburban_slum_expansion_areas","Suburban Slum Expansion Areas","resolved metric ledger","operational_indicator","","","","0","true","relationship_or_metric_specific","informal_settlement_extent_and_service_access","canonical_node_metric_alias","4","resolved","full_campaign_backlog","true","resolved_metric_record","false","not_applicable","resolved_metric_binding","resolved","generated_metric_alias","0","false","false","","","The normalized label is a mapped urban-form and service-access measurement; it should not remain a causal node with stigmatizing, unbounded wording."
"supermarket_food_waste_dump","Supermarket Food Waste Dump","resolved metric ledger","operational_indicator","","","","0","true","relationship_or_metric_specific","retail_food_waste_generation","canonical_node_metric_alias","4","resolved","full_campaign_backlog","true","resolved_metric_record","false","not_applicable","resolved_metric_binding","resolved","generated_metric_alias","0","false","false","","","Supermarket discards are the retail subsector measurement defined inside the broader food-waste system, not a distinct phenomenon."
"supertanker_sound_waves","Supertanker Sound Waves","resolved metric ledger","operational_indicator","","","","0","true","relationship_or_metric_specific","large_tanker_underwater_radiated_noise","canonical_node_metric_alias","4","resolved","full_campaign_backlog","true","resolved_metric_record","false","not_applicable","resolved_metric_binding","resolved","generated_metric_alias","0","false","false","","","Underwater sound is a vessel-state and receiver-specific exposure measurement within marine transport."
"switching_node_fragility","Switching Node Fragility","resolved metric ledger","operational_indicator","","","","0","true","relationship_or_metric_specific","telecom_switching_node_resilience","canonical_node_metric_alias","4","resolved","full_campaign_backlog","true","resolved_metric_record","false","not_applicable","resolved_metric_binding","resolved","generated_metric_alias","0","false","false","","","Fragility is not a directly observed node class. Preserve availability, failure, failover and restoration evidence on the canonical backbone without inferring weakness from centrality."
"synthetic_fertilizer_n2o_outflow","Synthetic Fertilizer N2o Outflow","resolved metric ledger","operational_indicator","","","","0","true","relationship_or_metric_specific","fertilizer_related_nitrous_oxide_emission","canonical_node_metric_alias","4","resolved","full_campaign_backlog","true","resolved_metric_record","false","not_applicable","resolved_metric_binding","resolved","generated_metric_alias","0","false","false","","","Fertilizer-related output is a source-sector measurement within the canonical atmospheric N2O system. Retain the source attribution without duplicating the gas as another node."
"tar_sands_tailings_ponds","Tar Sands Tailings Ponds","resolved metric ledger","operational_indicator","","","","0","true","relationship_or_metric_specific","oil_sands_tailings_inventory_and_condition","canonical_node_metric_alias","4","resolved","full_campaign_backlog","true","resolved_metric_record","false","not_applicable","resolved_metric_binding","resolved","generated_metric_alias","0","false","false","","","A tailings facility is a monitored waste-management object within extraction and material systems."
"telecom_corridor_congestion","Telecom Corridor Congestion","resolved metric ledger","operational_indicator","","","","0","true","relationship_or_metric_specific","telecommunication_route_traffic_and_congestion","canonical_node_metric_alias","4","resolved","full_campaign_backlog","true","resolved_metric_record","false","not_applicable","resolved_metric_binding","resolved","generated_metric_alias","0","false","false","","","Congestion is an interval-level operating measurement of a routed network, not a separate causal corridor. Preserve traffic, utilization, failures, loss, and latency on the canonical backbone system."
"textile_factory_toxic_dyes","Textile Factory Toxic Dyes","resolved metric ledger","operational_indicator","","","","0","true","relationship_or_metric_specific","textile_mill_wastewater_pollutant_load","canonical_node_metric_alias","4","resolved","full_campaign_backlog","true","resolved_metric_record","false","not_applicable","resolved_metric_binding","resolved","generated_metric_alias","0","false","false","","","The label presumes toxicity and collapses chemicals. Preserve named wastewater pollutants and loads as a production metric on the canonical textile system."
"textile_microfiber_shedding","Textile Microfiber Shedding","resolved metric ledger","operational_indicator","","","","0","true","relationship_or_metric_specific","textile_microfiber_release_per_use_and_wash","canonical_node_metric_alias","4","resolved","full_campaign_backlog","true","resolved_metric_record","false","not_applicable","resolved_metric_binding","resolved","generated_metric_alias","0","false","false","","","This is a product-use particle-release measurement within the textile lifecycle. Preserve polymer, fabric, washing, capture, and size context instead of a one-edge causal node."
"thermal_air_column_shifts","Thermal Air Column Shifts","resolved metric ledger","operational_indicator","","","","0","true","relationship_or_metric_specific","radiosonde_layer_temperature_anomaly","canonical_node_metric_alias","4","resolved","full_campaign_backlog","true","resolved_metric_record","false","not_applicable","resolved_metric_binding","resolved","generated_metric_alias","0","false","false","","","The phrase has no fixed vertical layer, baseline or threshold. Preserve pressure-level and layer temperature anomalies on the canonical temperature system."
"thermal_inversion_events","Thermal Inversion Events","resolved metric ledger","operational_indicator","","","","0","true","relationship_or_metric_specific","lower_atmosphere_temperature_inversion","canonical_node_metric_alias","4","resolved","full_campaign_backlog","true","resolved_metric_record","false","not_applicable","resolved_metric_binding","resolved","generated_metric_alias","0","false","false","","","A temperature inversion is meteorological dispersion context, not a pollutant. Preserve its vertical-profile measurements beside the particulate record while forbidding concentration-to-inversion inference."
"tidal_turbine_marine_hazard","Tidal Turbine Marine Hazard","resolved metric ledger","operational_indicator","","","","0","true","relationship_or_metric_specific","tidal_energy_device_exposure_and_effect","canonical_node_metric_alias","4","resolved","full_campaign_backlog","true","resolved_metric_record","false","not_applicable","resolved_metric_binding","resolved","generated_metric_alias","0","false","false","","","Device exposure and ecological response are project-specific measurements within renewable deployment; hazard is not a measured outcome by itself."
"tire_microplastic_abrasion","Tire Microplastic Abrasion","resolved metric ledger","operational_indicator","","","","0","true","relationship_or_metric_specific","tire_wear_particle_release","canonical_node_metric_alias","4","resolved","full_campaign_backlog","true","resolved_metric_record","false","not_applicable","resolved_metric_binding","resolved","operational_indicator_metric","0","false","false","","","This record is a bounded operational measurement of its adjacent system, not an independently supported causal phenomenon."
"top_predator_extinctions","Top Predator Extinctions","resolved metric ledger","operational_indicator","","","","0","true","relationship_or_metric_specific","top_predator_population_status","canonical_node_metric_alias","4","resolved","full_campaign_backlog","true","resolved_metric_record","false","not_applicable","resolved_metric_binding","resolved","generated_metric_alias","0","false","false","","","Population decline, local extirpation, and species extinction are different statuses, and downstream cascades are context-specific. Preserve the assessed population metric on the canonical biodiversity-condition system."
"tractor_compacted_subsoils","Tractor Compacted Subsoils","resolved metric ledger","operational_indicator","","","","0","true","relationship_or_metric_specific","field_subsoil_compaction","canonical_node_metric_alias","4","resolved","full_campaign_backlog","true","resolved_metric_record","false","not_applicable","resolved_metric_binding","resolved","generated_metric_alias","0","false","false","","","Machinery traffic is a possible pressure; measured subsoil physical condition is the defensible metric on the canonical compaction system."
"transmission_congestion_hotspots","Transmission Congestion Hotspots","resolved metric ledger","operational_indicator","","","","0","true","relationship_or_metric_specific","transmission_congestion_duration_and_cost","canonical_node_metric_alias","4","resolved","full_campaign_backlog","true","resolved_metric_record","false","not_applicable","resolved_metric_binding","resolved","generated_metric_alias","0","false","false","","","Congestion duration, curtailment, and market cost are interval-level measurements of grid stress, not an independent geographic phenomenon."
"tropospheric_gas_oxidation","Tropospheric Gas Oxidation","resolved metric ledger","operational_indicator","","","","0","true","relationship_or_metric_specific","tropospheric_oxidative_capacity","canonical_node_metric_alias","4","resolved","full_campaign_backlog","true","resolved_metric_record","false","not_applicable","resolved_metric_binding","resolved","generated_metric_alias","0","false","false","","","Oxidative capacity is a modeled or proxy-constrained atmospheric measurement, not a gas layer or independent event. Preserve it on the canonical hydroxyl-sink system."
"tropospheric_warming_speeds","Tropospheric Warming Speeds","resolved metric ledger","operational_indicator","","","","0","true","relationship_or_metric_specific","tropospheric_temperature_anomaly_trend","canonical_node_metric_alias","4","resolved","full_campaign_backlog","true","resolved_metric_record","false","not_applicable","resolved_metric_binding","resolved","generated_metric_alias","0","false","false","","","The label is a vertical-layer temperature trend measurement within the broader warming system, not an independent causal node."
"tundra_active_layer_deepening","Tundra Active Layer Deepening","resolved metric ledger","authored_root_driver_metric","","","","0","true","relationship_or_metric_specific","tundra_active_layer_deepening","target_mechanism_metric","4","resolved","full_campaign_backlog","true","resolved_metric_record","false","not_applicable","resolved_metric_binding","resolved","root_driver_metric","0","false","false","","","Resolved as a bounded measurement on a canonical graph node."
"tundra_growing_season_lengthening","Tundra Growing Season Lengthening","resolved metric ledger","authored_root_driver_metric","","","","0","true","relationship_or_metric_specific","tundra_growing_season_lengthening","target_mechanism_metric","4","resolved","full_campaign_backlog","true","resolved_metric_record","false","not_applicable","resolved_metric_binding","resolved","root_driver_metric","0","false","false","","","Resolved as a bounded measurement on a canonical graph node."
"tundra_soil_moisture_suitability","Tundra Soil Moisture Suitability","resolved metric ledger","authored_root_driver_metric","","","","0","true","relationship_or_metric_specific","tundra_soil_moisture_suitability","target_mechanism_metric","4","resolved","full_campaign_backlog","true","resolved_metric_record","false","not_applicable","resolved_metric_binding","resolved","root_driver_metric","0","false","false","","","Resolved as a bounded measurement on a canonical graph node."
"tundra_summer_warming","Tundra Summer Warming","resolved metric ledger","authored_root_driver_metric","","","","0","true","relationship_or_metric_specific","tundra_summer_warming","target_mechanism_metric","4","resolved","full_campaign_backlog","true","resolved_metric_record","false","not_applicable","resolved_metric_binding","resolved","root_driver_metric","0","false","false","","","Resolved as a bounded measurement on a canonical graph node."
"understory_moisture_losses","Understory Moisture Losses","resolved metric ledger","operational_indicator","","","","0","true","relationship_or_metric_specific","forest_understory_moisture_anomaly","canonical_node_metric_alias","4","resolved","full_campaign_backlog","true","resolved_metric_record","false","not_applicable","resolved_metric_binding","resolved","generated_metric_alias","0","false","false","","","Layer-specific moisture observations belong on the canonical soil-moisture system and require plot, depth, season, and baseline."
"ungulate_grazing_path_corridors","Ungulate Grazing Path Corridors","resolved metric ledger","operational_indicator","","","","0","true","relationship_or_metric_specific","ungulate_migration_corridor_use","canonical_node_metric_alias","4","resolved","full_campaign_backlog","true","resolved_metric_record","false","not_applicable","resolved_metric_binding","resolved","generated_metric_alias","0","false","false","","","Movement corridors and stopovers are empirical, herd-specific connectivity measurements; the generated phrase incorrectly implies grazing pressure. Preserve them on the canonical habitat-connectivity system."
"unsold_apparel_incineration","Unsold Apparel Incineration","resolved metric ledger","operational_indicator","","","","0","true","relationship_or_metric_specific","returned_unsold_textile_destruction_flow","canonical_node_metric_alias","4","resolved","full_campaign_backlog","true","resolved_metric_record","false","not_applicable","resolved_metric_binding","resolved","generated_metric_alias","0","false","false","","","Returned or unsold inventory disposition is a textile material-flow measurement. Preserve actual destruction route and mass rather than presenting presumed incineration as an independent phenomenon."
"untreated_wastewater_contact_exposure","Untreated Wastewater Contact Exposure","resolved metric ledger","authored_root_driver_metric","","","","0","true","relationship_or_metric_specific","untreated_wastewater_contact_incidents","target_mechanism_metric","4","resolved","full_campaign_backlog","true","resolved_metric_record","false","not_applicable","resolved_metric_binding","resolved","root_driver_metric","0","false","false","","","Resolved as a bounded measurement on a canonical graph node."
"unvented_residential_fuel_combustion","Unvented Residential Fuel Combustion","resolved metric ledger","authored_root_driver_metric","","","","0","true","relationship_or_metric_specific","indoor_combustion_co_concentration","target_mechanism_metric","4","resolved","full_campaign_backlog","true","resolved_metric_record","false","not_applicable","resolved_metric_binding","resolved","root_driver_metric","0","false","false","","","Resolved as a bounded measurement on a canonical graph node."
"ups_battery_hall","Ups Battery Hall","resolved metric ledger","operational_indicator","","","","0","true","relationship_or_metric_specific","data_center_ups_storage_capacity_and_losses","canonical_node_metric_alias","4","resolved","full_campaign_backlog","true","resolved_metric_record","false","not_applicable","resolved_metric_binding","resolved","generated_metric_alias","0","false","false","","","A battery hall is infrastructure; usable storage, losses, health, and tested runtime are the defensible measurements on the canonical facility system."
"uranium_mill_tailings","Uranium Mill Tailings","resolved metric ledger","operational_indicator","","","","0","true","relationship_or_metric_specific","uranium_tailings_facility_condition","canonical_node_metric_alias","4","resolved","full_campaign_backlog","true","resolved_metric_record","false","not_applicable","resolved_metric_binding","resolved","generated_metric_alias","0","false","false","","","A tailings facility is a waste-management and surveillance object. Preserve its inventory and condition on the canonical mineral-extraction system."
"urban_commuting_time_traps","Urban Commuting Time Traps","resolved metric ledger","operational_indicator","","","","0","true","relationship_or_metric_specific","urban_journey_to_work_time_distribution","canonical_node_metric_alias","4","resolved","full_campaign_backlog","true","resolved_metric_record","false","not_applicable","resolved_metric_binding","resolved","generated_metric_alias","0","false","false","","","The value-laden wording is not a survey category. Preserve mode-specific travel-time distributions and uncertainty on the canonical everyday-mobility system."
"urban_heat_dome_stagnation","Urban Heat Dome Stagnation","resolved metric ledger","operational_indicator","","","","0","true","relationship_or_metric_specific","urban_rural_temperature_and_ventilation_contrast","canonical_node_metric_alias","4","resolved","full_campaign_backlog","true","resolved_metric_record","false","not_applicable","resolved_metric_binding","resolved","generated_metric_alias","0","false","false","","","The generated phrase combines a canonical urban heat island with a separate meteorological ventilation condition. Preserve their measurements on the established urban-heat system instead of claiming a new phenomenon."
"urban_parking_lot_sprawls","Urban Parking Lot Sprawls","resolved metric ledger","operational_indicator","","","","0","true","relationship_or_metric_specific","surface_parking_land_cover_and_access","canonical_node_metric_alias","4","resolved","full_campaign_backlog","true","resolved_metric_record","false","not_applicable","resolved_metric_binding","resolved","generated_metric_alias","0","false","false","","","Mapped surface-parking footprint is an urban land-use metric; the value-laden generated wording does not define a separate causal phenomenon."
"urban_smog_health_expenses","Urban Smog Health Expenses","resolved metric ledger","operational_indicator","","","","0","true","relationship_or_metric_specific","ozone_attributable_health_and_cost_burden","canonical_node_metric_alias","4","resolved","full_campaign_backlog","true","resolved_metric_record","false","not_applicable","resolved_metric_binding","resolved","generated_metric_alias","0","false","false","","","Health events and economic valuation are measured burden dimensions, not another pollution phenomenon. Preserve pollutant-attributable cases, medical costs, lost productivity and welfare valuation on the canonical health-burden system."
"vegetational_windbreak_removals","Vegetational Windbreak Removals","resolved metric ledger","operational_indicator","","","","0","true","relationship_or_metric_specific","agricultural_windbreak_cover_loss","canonical_node_metric_alias","4","resolved","full_campaign_backlog","true","resolved_metric_record","false","not_applicable","resolved_metric_binding","resolved","generated_metric_alias","0","false","false","","","Windbreak cover loss is a mapped management change and potential erosion modifier. Preserve it as context rather than claiming measured soil loss."
"warm_rain_on_snow_storm","Warm Rain On Snow Storm","resolved metric ledger","authored_root_driver_metric","","","","0","true","relationship_or_metric_specific","rain_on_snow_storm","target_mechanism_metric","4","resolved","full_campaign_backlog","true","resolved_metric_record","false","not_applicable","resolved_metric_binding","resolved","root_driver_metric","0","false","false","","","Resolved as a bounded measurement on a canonical graph node."
"water_aquifer_conflict_zones","Water Aquifer Conflict Zones","resolved metric ledger","operational_indicator","","","","0","true","relationship_or_metric_specific","transboundary_aquifer_cooperation_and_stress_profile","canonical_node_metric_alias","4","resolved","full_campaign_backlog","true","resolved_metric_record","false","not_applicable","resolved_metric_binding","resolved","generated_metric_alias","0","false","false","","","A shared aquifer and governance gap are risk context, not a conflict event or independent causal zone. Preserve hydrological stress and cooperation indicators on the canonical conflict-risk system with an explicit prohibition on scarcity-to-conflict inference."
"wet_soil_grazing_exposure","Wet Soil Grazing Exposure","resolved metric ledger","authored_root_driver_metric","","","","0","true","relationship_or_metric_specific","wet_soil_grazing_hours","target_mechanism_metric","4","resolved","full_campaign_backlog","true","resolved_metric_record","false","not_applicable","resolved_metric_binding","resolved","root_driver_metric","0","false","false","","","Resolved as a bounded measurement on a canonical graph node."
"wildfire_scorched_earth","Wildfire Scorched Earth","resolved metric ledger","operational_indicator","","","","0","true","relationship_or_metric_specific","high_severity_burned_area","canonical_node_metric_alias","4","resolved","full_campaign_backlog","true","resolved_metric_record","false","not_applicable","resolved_metric_binding","resolved","generated_metric_alias","0","false","false","","","The generated phrase denotes a mapped post-fire condition, not an independent causal phenomenon. Preserve high-severity area on the canonical fire-regime system and do not infer persistent ecological conversion from a single map."
"wildfire_smoke_columns","Wildfire Smoke Columns","resolved metric ledger","operational_indicator","","","","0","true","relationship_or_metric_specific","wildfire_smoke_column_loading","canonical_node_metric_alias","4","resolved","full_campaign_backlog","true","resolved_metric_record","false","not_applicable","resolved_metric_binding","resolved","generated_metric_alias","0","false","false","","","Vertically integrated smoke and aerosol optical depth are observation products, not a second causal smoke node. Retain them as supporting plume metrics while explicitly forbidding direct inference of surface exposure."
"wind_farm_ecosystem_siting","Wind Farm Ecosystem Siting","resolved metric ledger","operational_indicator","","","","0","true","relationship_or_metric_specific","wind_project_ecological_siting_overlap","canonical_node_metric_alias","4","resolved","full_campaign_backlog","true","resolved_metric_record","false","not_applicable","resolved_metric_binding","resolved","generated_metric_alias","0","false","false","","","Siting alternatives, habitat overlap, and mitigation are project attributes within renewable deployment."
"winter_ice_road_collapses","Winter Ice Road Collapses","resolved metric ledger","operational_indicator","","","","0","true","relationship_or_metric_specific","winter_road_operating_season_and_load_capacity","canonical_node_metric_alias","4","resolved","full_campaign_backlog","true","resolved_metric_record","false","not_applicable","resolved_metric_binding","resolved","generated_metric_alias","0","false","false","","","A closure, unsafe-load condition or structural failure is a route-specific infrastructure observation. Preserve season length, thickness, load and failure evidence on the canonical infrastructure system without attributing every interruption to thaw."
"pollen_allergen_spikes","Pollen Allergen Spikes","atmosphere","operational_indicator","3","2","1","0","true","node_specific","airborne_allergenic_pollen_exposure","promoted_to_published_graph","4","resolved","full_campaign_backlog","true","resolved_promotion_record","false","not_applicable","published_degree_three_core","resolved","researched_relationship_promotion","0","false","false","","","Promoted after node-specific review, bounded relationship dossiers, metric-contract completion, and the applicable driver gate."
"fisheries_range_redistribution","Fisheries Range Redistribution","oceans","phenomenon","4","3","1","0","true","node_specific","marine_stock_distribution_centroid_and_boundary_change","promoted_to_published_graph","4","resolved","full_campaign_backlog","true","resolved_promotion_record","false","not_applicable","published_degree_three_core","resolved","researched_relationship_promotion","0","false","false","","","Promoted after node-specific review, bounded relationship dossiers, metric-contract completion, and the applicable driver gate."
"desertification_frontiers","Dryland Degradation","biosphere","phenomenon","6","3","3","0","true","node_specific","dryland_land_degradation_extent_and_condition","promoted_to_published_graph","4","resolved","full_campaign_backlog","true","resolved_promotion_record","false","not_applicable","published_degree_three_core","resolved","researched_relationship_promotion","0","false","false","","","Promoted after node-specific review, bounded relationship dossiers, metric-contract completion, and the applicable driver gate."
"pesticide_spray_drift_zones","Pesticide Spray Drift","agriculture","operational_indicator","5","1","4","0","true","node_specific","off_target_pesticide_drift_exposure","promoted_to_published_graph","4","resolved","full_campaign_backlog","true","resolved_promotion_record","false","not_applicable","published_degree_three_core","resolved","researched_relationship_promotion","0","false","false","","","Promoted after node-specific review, bounded relationship dossiers, metric-contract completion, and the applicable driver gate."
"dust_storm_frequency","Dust Storm Frequency","atmosphere","phenomenon","5","3","2","0","true","node_specific","sand_and_dust_storm_event_frequency_and_exposure","promoted_to_published_graph","4","resolved","full_campaign_backlog","true","resolved_promotion_record","false","not_applicable","published_degree_three_core","resolved","researched_relationship_promotion","0","false","false","","","Promoted after node-specific review, bounded relationship dossiers, metric-contract completion, and the applicable driver gate."
"atmospheric_river_intensification","Atmospheric River Intensification","atmosphere","operational_indicator","3","1","2","0","true","node_specific","atmospheric_river_integrated_vapor_transport_intensity_and_duration","promoted_to_published_graph","4","resolved","full_campaign_backlog","true","resolved_promotion_record","false","not_applicable","published_degree_three_core","resolved","researched_relationship_promotion","0","false","false","","","Promoted after node-specific review, bounded relationship dossiers, metric-contract completion, and the applicable driver gate."
"aviation_condensation_trails","Aviation Condensation Trails","atmosphere","operational_indicator","3","1","2","0","true","node_specific","persistent_contrail_and_aviation_induced_cloudiness_burden","promoted_to_published_graph","4","resolved","full_campaign_backlog","true","resolved_promotion_record","false","not_applicable","published_degree_three_core","resolved","researched_relationship_promotion","0","false","false","","","Promoted after node-specific review, bounded relationship dossiers, metric-contract completion, and the applicable driver gate."
"methane_hydroxyl_sink_loss","Atmospheric Hydroxyl Sink Weakening","atmosphere","operational_indicator","3","2","1","0","true","node_specific","tropospheric_hydroxyl_oxidation_capacity_and_methane_lifetime","promoted_to_published_graph","4","resolved","full_campaign_backlog","true","resolved_promotion_record","false","not_applicable","published_degree_three_core","resolved","researched_relationship_promotion","0","false","false","","","Promoted after node-specific review, bounded relationship dossiers, metric-contract completion, and the applicable driver gate."
"walker_circulation_shift","Pacific Walker Circulation Variability","atmosphere","operational_indicator","3","2","1","0","true","node_specific","pacific_walker_circulation_strength_and_longitude","promoted_to_published_graph","4","resolved","full_campaign_backlog","true","resolved_promotion_record","false","not_applicable","published_degree_three_core","resolved","researched_relationship_promotion","0","false","false","","","Promoted after node-specific review, bounded relationship dossiers, metric-contract completion, and the applicable driver gate."
"subsea_cable_landing_chokepoint","Submarine Cable Landing-Site Concentration and Exposure","digital","operational_indicator","3","2","1","0","true","node_specific","submarine_cable_landing_site_concentration_and_hazard_exposure","promoted_to_published_graph","4","resolved","full_campaign_backlog","true","resolved_promotion_record","false","not_applicable","published_degree_three_core","resolved","researched_relationship_promotion","0","false","false","","","Promoted after node-specific review, bounded relationship dossiers, metric-contract completion, and the applicable driver gate."
"fishery_border_dispute_zones","Transboundary Fisheries Conflict","sociopolitical","phenomenon","4","3","1","0","true","node_specific","international_fisheries_conflict_incidents_and_severity","promoted_to_published_graph","4","resolved","full_campaign_backlog","true","resolved_promotion_record","false","not_applicable","published_degree_three_core","resolved","researched_relationship_promotion","0","false","false","","","Promoted after node-specific review, bounded relationship dossiers, metric-contract completion, and the applicable driver gate."
"convective_instability_shift","Convective Available Potential Energy and Inhibition Anomaly","atmosphere","operational_indicator","3","1","2","0","true","node_specific","convective_available_potential_energy_and_inhibition_anomaly","promoted_to_published_graph","4","resolved","full_campaign_backlog","true","resolved_promotion_record","false","not_applicable","published_degree_three_core","resolved","researched_relationship_promotion","0","false","false","","","Promoted after node-specific review, bounded relationship dossiers, metric-contract completion, and the applicable driver gate."
"lightning_regime_shifts","Lightning Flash Density and Seasonality Anomaly","atmosphere","operational_indicator","3","2","1","0","true","node_specific","lightning_flash_density_extent_and_seasonality_anomaly","promoted_to_published_graph","4","resolved","full_campaign_backlog","true","resolved_promotion_record","false","not_applicable","published_degree_three_core","resolved","researched_relationship_promotion","0","false","false","","","Promoted after node-specific review, bounded relationship dossiers, metric-contract completion, and the applicable driver gate."
"cfc_saturated_layers","Atmospheric Ozone-Depleting Substance Burden","atmosphere","operational_indicator","3","2","1","0","true","node_specific","atmospheric_ozone_depleting_substance_burden","promoted_to_published_graph","4","resolved","full_campaign_backlog","true","resolved_promotion_record","false","not_applicable","published_degree_three_core","resolved","researched_relationship_promotion","0","false","false","","","Promoted after node-specific review, bounded relationship dossiers, metric-contract completion, and the applicable driver gate."
"stratospheric_chlorine_sinks","Stratospheric Ozone Column Depletion and Recovery","atmosphere","operational_indicator","3","2","1","0","true","node_specific","stratospheric_ozone_column_depletion_and_recovery","promoted_to_published_graph","4","resolved","full_campaign_backlog","true","resolved_promotion_record","false","not_applicable","published_degree_three_core","resolved","researched_relationship_promotion","0","false","false","","","Promoted after node-specific review, bounded relationship dossiers, metric-contract completion, and the applicable driver gate."
"snowpack_dust_soot_coverage","Mineral Dust Deposition on Snow","cryosphere","operational_indicator","4","2","2","0","true","node_specific","mineral_dust_mass_loading_and_snow_albedo","promoted_to_published_graph","4","resolved","full_campaign_backlog","true","resolved_promotion_record","false","not_applicable","published_degree_three_core","resolved","researched_relationship_promotion","0","false","false","","","Promoted after node-specific review, bounded relationship dossiers, metric-contract completion, and the applicable driver gate."
"agrochemical_water_sinks","Pesticide Residues in Surface Water","agriculture","operational_indicator","4","2","2","0","true","node_specific","surface_water_pesticide_residue_concentration_and_benchmark_ratio","promoted_to_published_graph","4","resolved","full_campaign_backlog","true","resolved_promotion_record","false","not_applicable","published_degree_three_core","resolved","researched_relationship_promotion","0","false","false","","","Promoted after node-specific review, bounded relationship dossiers, metric-contract completion, and the applicable driver gate."
"pesticide_bioaccumulation_chains","Persistent Pesticide Residues in Sediment and Biota","agriculture","operational_indicator","3","2","1","0","true","node_specific","persistent_pesticide_residue_in_sediment_and_biota","promoted_to_published_graph","4","resolved","full_campaign_backlog","true","resolved_promotion_record","false","not_applicable","published_degree_three_core","resolved","researched_relationship_promotion","0","false","false","","","Promoted after node-specific review, bounded relationship dossiers, metric-contract completion, and the applicable driver gate."
"biodiversity_corridors_disruption","Functional Habitat Connectivity Loss","biosphere","operational_indicator","5","2","3","0","true","node_specific","species_specific_functional_habitat_connectivity","promoted_to_published_graph","4","resolved","full_campaign_backlog","true","resolved_promotion_record","false","not_applicable","published_degree_three_core","resolved","researched_relationship_promotion","0","false","false","","","Promoted after node-specific review, bounded relationship dossiers, metric-contract completion, and the applicable driver gate."
"avian_migration_disruptions","Migratory Bird Timing, Route, and Stopover Disruption","biosphere","operational_indicator","3","2","1","0","true","node_specific","migratory_bird_passage_timing_route_and_stopover_use","promoted_to_published_graph","4","resolved","full_campaign_backlog","true","resolved_promotion_record","false","not_applicable","published_degree_three_core","resolved","researched_relationship_promotion","0","false","false","","","Promoted after node-specific review, bounded relationship dossiers, metric-contract completion, and the applicable driver gate."
"high_altitude_forest_shrinkage","Mountain Forest Cover and Treeline Contraction","biosphere","operational_indicator","4","3","1","0","true","node_specific","mountain_forest_cover_and_treeline_contraction","promoted_to_published_graph","4","resolved","full_campaign_backlog","true","resolved_promotion_record","false","not_applicable","published_degree_three_core","resolved","researched_relationship_promotion","0","false","false","","","Promoted after node-specific review, bounded relationship dossiers, metric-contract completion, and the applicable driver gate."
"amphibian_chytrid_fungus_spreads","Amphibian Chytrid Infection Prevalence and Mortality","biosphere","operational_indicator","3","2","1","0","true","node_specific","amphibian_chytrid_infection_prevalence_intensity_and_mortality","promoted_to_published_graph","4","resolved","full_campaign_backlog","true","resolved_promotion_record","false","not_applicable","published_degree_three_core","resolved","researched_relationship_promotion","0","false","false","","","Promoted after node-specific review, bounded relationship dossiers, metric-contract completion, and the applicable driver gate."
"aerosolized_microplastics","Airborne Microplastic Concentration and Deposition","atmosphere","operational_indicator","3","3","0","0","true","node_specific","airborne_microplastic_concentration_and_deposition_flux","promoted_to_published_graph","4","resolved","full_campaign_backlog","true","resolved_promotion_record","false","not_applicable","published_degree_three_core","resolved","researched_relationship_promotion","0","false","false","","","Promoted after node-specific review, bounded relationship dossiers, metric-contract completion, and the applicable driver gate."
"gulf_stream_slowdown","Gulf Stream Transport and Position","oceans","operational_indicator","3","2","1","0","true","node_specific","gulf_stream_section_transport_and_path_position","promoted_to_published_graph","4","resolved","full_campaign_backlog","true","resolved_promotion_record","false","not_applicable","published_degree_three_core","resolved","researched_relationship_promotion","0","false","false","","","Promoted after node-specific review, bounded relationship dossiers, metric-contract completion, and the applicable driver gate."
"subpolar_gyre_weakening","North Atlantic Subpolar Gyre Circulation Strength","oceans","operational_indicator","3","3","0","0","true","node_specific","north_atlantic_subpolar_gyre_circulation_strength","promoted_to_published_graph","4","resolved","full_campaign_backlog","true","resolved_promotion_record","false","not_applicable","published_degree_three_core","resolved","researched_relationship_promotion","0","false","false","","","Promoted after node-specific review, bounded relationship dossiers, metric-contract completion, and the applicable driver gate."
